Timestamp," Edificio: Corrente A","Edificio: Corrente B","Edificio: Corrente C","Edificio: Potencia","Edificio: Tensao A","Edificio: Tensao B","Edificio: Tensao C","Edificio: ENERGY_COST","Edificio: Cost of Energy","Cost of Energy"
"01/02/2023 00:00:00",7.10,5.40,8.54,4.81,239.54,240.01,238.21,0.35,31532.44,446718.66
"01/02/2023 00:30:00",17.56,6.20,8.08,7.57,241.04,241.58,239.71,0.56,31532.55,446719.16
"01/02/2023 01:00:00",9.53,15.87,7.26,7.74,240.87,241.47,239.67,0.57,31532.70,446719.63
"01/02/2023 01:30:00",12.46,10.92,9.12,7.11,238.73,239.55,237.79,0.52,31532.89,446720.53
"01/02/2023 02:00:00",21.56,5.23,7.39,5.20,241.75,242.62,240.91,0.34,31533.07,446721.28
"01/02/2023 02:30:00",7.15,14.93,7.55,6.48,236.80,237.36,235.82,0.42,31533.23,446722.00
"01/02/2023 03:00:00",,,,,,,,,31533.38,
"01/02/2023 03:30:00",6.57,5.61,7.74,4.74,237.99,238.49,237.16,0.31,31533.48,446723.50
"01/02/2023 04:00:00",8.93,5.39,7.02,4.20,237.48,238.72,236.68,0.27,31533.60,446723.88
"01/02/2023 04:30:00",,,,,,,,,31533.71,
"01/02/2023 05:00:00",,,,,,,,,31533.84,
"01/02/2023 05:30:00",,,,,,,,,31533.98,
"01/02/2023 06:00:00",8.24,7.83,13.81,6.87,238.48,239.25,237.08,0.50,31534.18,446726.31
"01/02/2023 06:30:00",,,,,,,,,31534.39,
"01/02/2023 07:00:00",10.83,11.64,14.39,8.66,238.27,239.00,237.33,0.97,31534.62,446728.59
"01/02/2023 07:30:00",16.86,10.33,14.54,9.34,238.42,238.88,237.02,1.04,31534.92,446730.47
"01/02/2023 08:00:00",10.94,9.46,8.38,6.80,239.07,239.65,237.95,0.76,31535.24,446732.03
"01/02/2023 08:30:00",10.30,15.38,8.46,7.94,239.62,240.37,238.31,0.89,31535.57,446734.69
"01/02/2023 09:00:00",26.14,32.02,21.36,19.21,234.91,235.22,233.80,2.14,31536.04,446736.88
"01/02/2023 09:30:00",23.01,48.30,27.80,22.85,234.69,234.71,232.92,2.95,31536.71,446740.63
"01/02/2023 10:00:00",24.39,30.56,32.24,20.36,233.79,234.56,232.89,2.63,31537.88,446746.28
"01/02/2023 10:30:00",29.35,29.07,33.47,21.50,235.29,236.39,234.56,2.78,31539.06,446751.03
"01/02/2023 11:00:00",26.00,40.11,28.14,22.53,235.76,236.75,235.03,2.91,31539.93,446753.34
"01/02/2023 11:30:00",37.66,60.38,30.06,27.37,235.48,236.18,234.76,3.54,31540.97,446756.88
"01/02/2023 12:00:00",32.88,46.12,31.13,28.17,236.03,237.25,235.78,3.14,31541.98,446760.00
"01/02/2023 12:30:00",23.99,49.26,29.46,23.85,235.77,236.63,235.48,2.66,31543.03,446762.41
"01/02/2023 13:00:00",34.31,29.92,18.62,19.99,236.88,238.06,236.63,2.23,31543.57,446764.47
"01/02/2023 13:30:00",,,,,,,,,31543.99,
"01/02/2023 14:00:00",,,,,,,,,31544.50,
"01/02/2023 14:30:00",45.57,27.49,16.77,19.98,236.51,237.98,236.07,2.23,31545.40,446770.75
"01/02/2023 15:00:00",,,,,,,,,31546.06,
"01/02/2023 15:30:00",,,,,,,,,31546.71,
"01/02/2023 16:00:00",31.34,26.81,22.45,19.02,237.66,238.46,236.75,2.12,31547.39,446780.69
"01/02/2023 16:30:00",45.84,27.95,22.48,22.07,236.99,237.48,235.79,2.46,31548.04,446783.09
"01/02/2023 17:00:00",38.27,29.02,19.80,20.61,235.16,235.76,233.77,2.30,31548.65,446785.56
"01/02/2023 17:30:00",23.45,17.92,17.67,13.77,235.32,235.78,233.95,1.53,31549.26,446789.16
"01/02/2023 18:00:00",,,,,,,,,31549.63,
"01/02/2023 18:30:00",20.95,9.05,14.60,10.55,236.66,236.74,235.21,1.36,31549.93,446791.97
"01/02/2023 19:00:00",14.39,12.31,14.95,11.52,236.42,236.03,234.21,1.49,31550.38,446796.16
"01/02/2023 19:30:00",19.70,10.20,13.25,9.92,236.97,236.23,234.88,1.28,31550.84,446798.31
"01/02/2023 20:00:00",20.52,8.43,15.36,10.32,237.30,236.61,235.11,1.33,31551.20,446801.72
"01/02/2023 20:30:00",,,,,,,,,31551.53,
"01/02/2023 21:00:00",,,,,,,,,31551.96,
"01/02/2023 21:30:00",15.84,18.07,8.52,9.29,238.24,237.76,236.23,1.04,31552.30,446809.84
"01/02/2023 22:00:00",19.47,7.80,14.42,9.03,239.16,239.15,237.37,1.01,31552.62,446811.28
"01/02/2023 22:30:00",,,,,,,,,31552.92,
"01/02/2023 23:00:00",,,,,,,,,31553.25,
"01/02/2023 23:30:00",12.70,5.81,7.78,6.19,240.15,240.22,238.66,0.69,31553.61,446814.78
"02/02/2023 00:00:00",17.79,6.21,7.00,6.92,234.21,234.44,232.96,0.51,31553.92,446816.28
"02/02/2023 00:30:00",8.75,5.45,7.84,4.89,237.67,238.02,236.54,0.36,31554.15,446817.03
"02/02/2023 01:00:00",8.36,13.01,6.43,6.62,237.45,238.08,236.30,0.49,31554.31,446817.75
"02/02/2023 01:30:00",,,,,,,,,31554.47,
"02/02/2023 02:00:00",15.39,5.54,6.66,6.59,241.79,242.75,241.04,0.43,31554.59,446819.00
"02/02/2023 02:30:00",,,,,,,,,31554.74,
"02/02/2023 03:00:00",8.51,4.98,12.43,5.88,241.15,242.00,240.19,0.38,31554.90,446820.03
"02/02/2023 03:30:00",14.08,13.88,6.36,8.36,239.16,239.76,238.24,0.54,31555.03,446820.69
"02/02/2023 04:00:00",14.06,5.90,6.23,5.43,234.69,235.72,234.27,0.35,31555.24,446821.50
"02/02/2023 04:30:00",14.44,19.32,6.48,8.87,234.53,234.90,233.38,0.57,31555.39,446822.44
"02/02/2023 05:00:00",8.51,4.99,8.14,4.90,237.43,237.69,236.39,0.32,31555.57,446823.44
"02/02/2023 05:30:00",,,,,,,,,31555.75,
"02/02/2023 06:00:00",16.38,13.04,12.41,9.85,237.28,237.65,236.05,0.72,31555.88,446824.53
"02/02/2023 06:30:00",10.30,11.72,21.30,10.36,237.57,237.75,236.15,0.76,31556.11,446825.59
"02/02/2023 07:00:00",9.90,25.87,16.36,12.42,238.52,238.65,237.23,1.39,31556.35,446826.31
"02/02/2023 07:30:00",15.64,9.81,7.82,7.56,238.20,238.47,237.08,0.84,31556.69,446827.19
"02/02/2023 08:00:00",15.64,10.88,8.41,8.24,238.09,238.23,236.74,0.92,31557.05,446829.66
"02/02/2023 08:30:00",9.43,8.81,7.47,5.54,237.33,237.92,236.48,0.62,31557.38,446832.16
"02/02/2023 09:00:00",29.64,24.32,11.94,15.08,239.21,239.42,237.96,1.68,31557.87,446835.09
"02/02/2023 09:30:00",43.37,37.14,14.80,21.60,236.97,237.37,235.93,2.79,31558.56,446837.09
"02/02/2023 10:00:00",34.19,24.39,14.17,17.00,237.69,238.13,237.22,2.20,31559.23,446839.88
"02/02/2023 10:30:00",,,,,,,,,31559.86,
"02/02/2023 11:00:00",,,,,,,,,31560.55,
"02/02/2023 11:30:00",,,,,,,,,31561.17,
"02/02/2023 12:00:00",,,,,,,,,31562.16,
"02/02/2023 12:30:00",,,,,,,,,31562.66,
"02/02/2023 13:00:00",,,,,,,,,31563.24,
"02/02/2023 13:30:00",27.56,9.28,24.29,13.51,237.33,238.17,237.26,1.51,31563.70,446854.66
"02/02/2023 14:00:00",24.12,19.62,20.24,14.79,237.37,238.19,237.02,1.65,31564.16,446856.06
"02/02/2023 14:30:00",34.77,31.58,25.00,21.41,237.27,238.06,236.61,2.39,31564.89,446859.41
"02/02/2023 15:00:00",,,,,,,,,31565.75,
"02/02/2023 15:30:00",39.32,25.15,24.11,20.96,237.83,238.29,236.83,2.34,31566.39,446864.03
"02/02/2023 16:00:00",,,,,,,,,31566.84,
"02/02/2023 16:30:00",40.67,41.72,21.90,24.14,237.32,237.27,235.68,2.69,31567.70,446868.84
"02/02/2023 17:00:00",,,,,,,,,31568.48,
"02/02/2023 17:30:00",37.74,25.36,25.74,20.95,238.08,238.01,236.15,2.34,31569.20,446874.88
"02/02/2023 18:00:00",,,,,,,,,31569.70,
"02/02/2023 18:30:00",21.33,15.89,11.52,11.62,239.70,239.41,237.72,1.50,31570.12,446879.38
"02/02/2023 19:00:00",,,,,,,,,31570.62,
"02/02/2023 19:30:00",17.31,15.28,9.81,9.85,238.13,237.50,235.86,1.27,31571.00,446885.06
"02/02/2023 20:00:00",,,,,,,,,31571.43,
"02/02/2023 20:30:00",17.72,17.18,17.82,12.49,238.10,237.53,236.00,1.61,31571.96,446891.84
"02/02/2023 21:00:00",,,,,,,,,31572.49,
"02/02/2023 21:30:00",26.40,19.73,13.21,14.10,239.62,239.29,237.41,1.57,31572.90,446896.78
"02/02/2023 22:00:00",17.15,22.63,9.16,11.02,227.79,227.76,225.73,1.23,31573.22,446898.03
"02/02/2023 22:30:00",32.08,6.53,12.96,9.28,241.70,241.94,239.99,1.04,31573.69,446899.81
"02/02/2023 23:00:00",14.53,8.93,7.92,7.32,237.55,237.83,235.94,0.82,31574.10,446902.00
"02/02/2023 23:30:00",,,,,,,,,31574.47,
"03/02/2023 00:00:00",,,,,,,,,31574.81,
"03/02/2023 00:30:00",9.09,4.98,7.91,4.81,241.45,242.28,240.28,0.35,31575.02,446905.06
"03/02/2023 01:00:00",8.84,4.94,7.21,4.47,236.70,236.86,235.61,0.33,31575.16,446905.88
"03/02/2023 01:30:00",15.62,12.30,13.78,9.68,239.68,240.22,238.07,0.71,31575.38,446906.84
"03/02/2023 02:00:00",9.31,5.57,7.92,5.21,238.06,238.26,236.69,0.34,31575.56,446907.84
"03/02/2023 02:30:00",9.43,6.46,13.19,6.33,235.50,236.04,234.38,0.41,31575.70,446908.59
"03/02/2023 03:00:00",20.40,5.03,7.83,5.31,237.72,237.95,236.45,0.34,31575.86,446909.19
"03/02/2023 03:30:00",9.39,6.13,7.90,5.73,239.33,239.58,237.57,0.37,31576.00,446909.72
"03/02/2023 04:00:00",,,,,,,,,31576.15,
"03/02/2023 04:30:00",15.59,10.84,7.59,9.07,239.68,240.13,238.33,0.59,31576.30,446911.38
"03/02/2023 05:00:00",,,,,,,,,31576.43,
"03/02/2023 05:30:00",,,,,,,,,31576.57,
"03/02/2023 06:00:00",,,,,,,,,31576.74,
"03/02/2023 06:30:00",10.83,12.94,13.81,8.45,236.78,237.19,235.21,0.62,31576.99,446914.31
"03/02/2023 07:00:00",,,,,,,,,31577.24,
"03/02/2023 07:30:00",13.85,14.89,16.13,12.72,236.78,236.99,235.40,1.42,31577.62,446916.81
"03/02/2023 08:00:00",16.18,11.69,19.40,11.09,237.27,237.81,235.72,1.24,31578.02,446918.75
"03/02/2023 08:30:00",10.94,14.64,14.61,9.24,236.83,236.91,235.54,1.03,31578.29,446920.03
"03/02/2023 09:00:00",15.49,17.51,14.31,11.02,236.72,237.05,235.01,1.23,31578.65,446922.28
"03/02/2023 09:30:00",18.46,24.16,17.58,14.05,235.54,235.24,233.68,1.82,31579.04,446924.91
"03/02/2023 10:00:00",24.61,31.26,14.36,16.43,236.42,237.45,235.83,2.12,31579.79,446928.31
"03/02/2023 10:30:00",32.44,22.37,16.74,16.75,235.47,236.23,234.87,2.16,31580.26,446930.09
"03/02/2023 11:00:00",39.22,46.30,33.49,27.61,235.50,236.72,235.58,3.57,31581.12,446931.88
"03/02/2023 11:30:00",48.24,50.08,32.32,33.16,235.66,236.78,235.44,4.28,31582.24,446934.25
"03/02/2023 12:00:00",,,,,,,,,31583.29,
"03/02/2023 12:30:00",34.92,23.71,25.46,19.89,236.04,237.52,236.19,2.22,31584.36,446939.31
"03/02/2023 13:00:00",29.92,20.20,12.68,14.90,237.45,238.82,237.55,1.66,31584.98,446941.50
"03/02/2023 13:30:00",,,,,,,,,31585.52,
"03/02/2023 14:00:00",,,,,,,,,31585.83,
"03/02/2023 14:30:00",23.61,19.61,25.39,16.12,237.38,238.42,237.09,1.80,31586.65,446947.28
"03/02/2023 15:00:00",23.78,16.58,23.63,15.49,238.45,239.39,237.58,1.73,31587.11,446949.47
"03/02/2023 15:30:00",31.47,15.25,25.09,15.98,238.23,239.18,237.10,1.78,31587.61,446951.50
"03/02/2023 16:00:00",19.44,13.98,12.20,10.73,239.13,240.04,238.30,1.20,31588.05,446953.47
"03/02/2023 16:30:00",19.54,14.44,11.51,10.33,238.58,238.94,237.62,1.15,31588.39,446955.94
"03/02/2023 17:00:00",18.81,16.78,13.15,11.49,238.78,238.75,237.10,1.28,31588.73,446958.47
"03/02/2023 17:30:00",17.26,23.12,10.75,13.21,236.23,236.19,234.08,1.47,31589.15,446961.75
"03/02/2023 18:00:00",,,,,,,,,31589.48,
"03/02/2023 18:30:00",13.77,9.16,13.03,7.89,235.62,235.37,233.38,1.02,31589.78,446967.50
"03/02/2023 19:00:00",17.44,8.00,11.16,8.22,235.66,235.86,233.74,1.06,31590.10,446969.91
"03/02/2023 19:30:00",20.77,6.80,9.13,8.40,237.29,237.29,234.59,1.08,31590.46,446972.44
"03/02/2023 20:00:00",,,,,,,,,31590.91,
"03/02/2023 20:30:00",16.21,14.14,15.12,10.20,238.95,238.95,236.33,1.32,31591.27,446977.16
"03/02/2023 21:00:00",,,,,,,,,31591.66,
"03/02/2023 21:30:00",,,,,,,,,31591.93,
"03/02/2023 22:00:00",11.25,9.24,6.68,7.09,239.17,239.46,237.49,0.79,31592.14,446980.53
"03/02/2023 22:30:00",,,,,,,,,31592.36,
"03/02/2023 23:00:00",11.97,6.17,8.15,6.62,240.92,241.27,239.23,0.74,31592.56,446982.38
"03/02/2023 23:30:00",,,,,,,,,31592.86,
"04/02/2023 00:00:00",,,,,,,,,31593.05,
"04/02/2023 00:30:00",,,,,,,,,31593.21,
"04/02/2023 01:00:00",8.86,6.67,7.57,5.70,240.48,241.00,239.09,0.42,31593.34,446986.22
"04/02/2023 01:30:00",17.98,4.53,7.00,6.84,240.94,241.52,240.08,0.50,31593.44,446986.81
"04/02/2023 02:00:00",17.15,9.25,6.98,7.80,236.80,237.49,236.01,0.50,31593.60,446987.72
"04/02/2023 02:30:00",,,,,,,,,31593.75,
"04/02/2023 03:00:00",7.97,6.96,7.36,4.98,237.36,238.13,236.67,0.32,31593.91,446988.97
"04/02/2023 03:30:00",8.60,4.13,7.23,4.28,238.12,238.71,237.02,0.28,31594.05,446989.84
"04/02/2023 04:00:00",8.30,3.82,6.55,4.61,238.53,239.30,237.44,0.30,31594.14,446990.13
"04/02/2023 04:30:00",14.98,9.53,6.70,7.30,237.00,237.55,235.89,0.47,31594.29,446990.44
"04/02/2023 05:00:00",8.93,11.21,8.16,6.47,236.92,237.60,236.18,0.42,31594.44,446991.34
"04/02/2023 05:30:00",,,,,,,,,31594.54,
"04/02/2023 06:00:00",8.65,5.20,7.04,5.25,236.60,237.05,235.57,0.39,31594.67,446992.44
"04/02/2023 06:30:00",8.94,4.89,16.70,7.03,236.96,237.96,236.34,0.52,31594.84,446993.13
"04/02/2023 07:00:00",16.03,9.27,10.54,7.90,238.12,239.09,237.69,0.58,31595.03,446993.78
"04/02/2023 07:30:00",,,,,,,,,31595.19,
"04/02/2023 08:00:00",10.23,6.22,12.70,6.99,239.27,239.74,238.35,0.51,31595.32,446994.88
"04/02/2023 08:30:00",7.54,4.38,4.69,3.82,239.04,239.53,238.21,0.28,31595.45,446995.47
"04/02/2023 09:00:00",7.38,9.88,5.00,4.93,239.20,240.29,238.80,0.36,31595.56,446995.88
"04/02/2023 09:30:00",,,,,,,,,31595.67,
"04/02/2023 10:00:00",7.28,3.90,3.79,3.34,237.36,238.49,236.89,0.37,31595.78,446996.78
"04/02/2023 10:30:00",,,,,,,,,31595.91,
"04/02/2023 11:00:00",,,,,,,,,31596.01,
"04/02/2023 11:30:00",4.95,0.00,2.48,3.10,238.22,239.43,238.37,0.35,31596.16,446999.72
"04/02/2023 12:00:00",,,,,,,,,31596.25,
"04/02/2023 12:30:00",3.29,2.40,2.77,2.02,238.84,239.99,238.68,0.22,31596.33,447001.84
"04/02/2023 13:00:00",,,,,,,,,31596.46,
"04/02/2023 13:30:00",8.15,5.87,3.24,3.53,238.95,240.24,238.58,0.26,31596.53,447003.53
"04/02/2023 14:00:00",,,,,,,,,31596.59,
"04/02/2023 14:30:00",3.91,4.14,5.40,2.36,239.06,240.65,238.84,0.17,31596.66,447004.81
"04/02/2023 15:00:00",3.94,8.70,4.33,3.74,239.49,240.75,239.06,0.27,31596.71,447005.41
"04/02/2023 15:30:00",,,,,,,,,31596.79,
"04/02/2023 16:00:00",,,,,,,,,31596.88,
"04/02/2023 16:30:00",6.53,9.60,4.51,4.72,235.97,237.16,235.78,0.35,31596.99,447006.47
"04/02/2023 17:00:00",5.96,7.62,5.93,4.75,235.61,236.88,235.09,0.35,31597.08,447006.88
"04/02/2023 17:30:00",6.96,9.09,5.10,5.95,236.37,236.89,235.17,0.44,31597.21,447007.53
"04/02/2023 18:00:00",6.09,5.25,6.83,3.89,238.17,238.49,236.92,0.29,31597.36,447007.97
"04/02/2023 18:30:00",,,,,,,,,31597.49,
"04/02/2023 19:00:00",,,,,,,,,31597.65,
"04/02/2023 19:30:00",12.09,4.97,7.57,4.81,236.13,236.06,234.64,0.54,31597.84,447010.53
"04/02/2023 20:00:00",6.49,7.98,6.51,5.87,236.39,236.80,235.24,0.65,31598.05,447011.44
"04/02/2023 20:30:00",,,,,,,,,31598.21,
"04/02/2023 21:00:00",5.77,4.97,8.13,4.51,237.46,238.06,236.45,0.50,31598.36,447013.59
"04/02/2023 21:30:00",5.92,5.08,7.52,4.21,236.01,236.81,235.10,0.47,31598.53,447014.22
"04/02/2023 22:00:00",,,,,,,,,31598.73,
"04/02/2023 22:30:00",11.96,14.35,6.27,7.10,235.43,236.09,234.52,0.52,31598.85,447015.63
"04/02/2023 23:00:00",,,,,,,,,31599.02,
"04/02/2023 23:30:00",,,,,,,,,31599.15,
"05/02/2023 00:00:00",6.20,5.71,7.28,4.20,239.73,241.03,238.78,0.31,31599.29,447017.63
"05/02/2023 00:30:00",5.91,5.37,12.28,5.36,240.10,241.33,239.03,0.39,31599.44,447018.41
"05/02/2023 01:00:00",5.80,4.49,10.41,4.54,238.76,240.44,238.15,0.33,31599.55,447019.00
"05/02/2023 01:30:00",,,,,,,,,31599.68,
"05/02/2023 02:00:00",,,,,,,,,31599.82,
"05/02/2023 02:30:00",6.00,4.86,11.06,5.05,239.50,240.66,238.41,0.33,31599.95,447020.97
"05/02/2023 03:00:00",5.95,12.52,7.20,5.80,237.85,238.75,236.86,0.38,31600.10,447021.72
"05/02/2023 03:30:00",5.90,8.89,15.15,7.59,237.84,238.57,236.64,0.49,31600.24,447022.53
"05/02/2023 04:00:00",5.55,6.13,9.66,4.26,237.04,238.18,236.19,0.28,31600.37,447023.16
"05/02/2023 04:30:00",,,,,,,,,31600.50,
"05/02/2023 05:00:00",,,,,,,,,31600.60,
"05/02/2023 05:30:00",5.81,4.76,7.11,3.91,236.67,238.06,235.85,0.25,31600.74,447024.81
"05/02/2023 06:00:00",11.31,5.64,7.15,7.00,236.05,237.34,235.49,0.51,31600.87,447025.34
"05/02/2023 06:30:00",5.99,4.61,14.34,6.05,236.79,237.88,235.47,0.44,31601.00,447025.94
"05/02/2023 07:00:00",,,,,,,,,31601.13,
"05/02/2023 07:30:00",11.54,4.24,5.48,2.89,236.43,237.33,234.96,0.21,31601.28,447027.19
"05/02/2023 08:00:00",,,,,,,,,31601.43,
"05/02/2023 08:30:00",,,,,,,,,31601.55,
"05/02/2023 09:00:00",3.95,2.48,3.57,2.30,235.12,235.98,234.05,0.17,31601.67,447028.50
"05/02/2023 09:30:00",3.31,10.15,10.36,5.33,236.89,237.61,236.05,0.39,31601.73,447028.81
"05/02/2023 10:00:00",2.91,2.03,3.23,2.36,237.85,239.09,237.21,0.17,31601.80,447029.00
"05/02/2023 10:30:00",,,,,,,,,31601.89,
"05/02/2023 11:00:00",,,,,,,,,31601.92,
"05/02/2023 11:30:00",,,,,,,,,31601.99,
"05/02/2023 12:00:00",,,,,,,,,31602.06,
"05/02/2023 12:30:00",2.69,1.46,3.63,1.47,238.51,239.64,237.84,0.11,31602.12,447031.16
"05/02/2023 13:00:00",2.67,1.89,3.73,1.47,237.87,239.17,237.42,0.11,31602.18,447031.66
"05/02/2023 13:30:00",,,,,,,,,31602.26,
"05/02/2023 14:00:00",,,,,,,,,31602.31,
"05/02/2023 14:30:00",,,,,,,,,31602.37,
"05/02/2023 15:00:00",3.46,8.62,5.15,3.79,239.34,240.07,238.12,0.28,31602.43,447033.31
"05/02/2023 15:30:00",4.24,7.28,4.59,3.40,239.82,240.58,238.66,0.25,31602.54,447033.63
"05/02/2023 16:00:00",,,,,,,,,31602.63,
"05/02/2023 16:30:00",4.89,3.43,4.31,2.62,237.97,238.78,236.78,0.19,31602.71,447034.16
"05/02/2023 17:00:00",8.63,12.70,5.71,3.86,236.96,237.68,235.93,0.28,31602.87,447034.78
"05/02/2023 17:30:00",16.73,4.97,6.47,3.80,236.20,236.96,234.96,0.28,31602.99,447035.44
"05/02/2023 18:00:00",,,,,,,,,31603.10,
"05/02/2023 18:30:00",5.55,13.12,7.02,5.92,234.13,235.11,233.40,0.43,31603.24,447036.59
"05/02/2023 19:00:00",5.91,5.01,6.48,4.56,238.85,239.54,237.55,0.34,31603.38,447037.13
"05/02/2023 19:30:00",,,,,,,,,31603.51,
"05/02/2023 20:00:00",5.71,5.73,8.01,4.09,235.66,235.81,234.23,0.30,31603.62,447038.22
"05/02/2023 20:30:00",6.38,18.25,7.27,7.39,236.83,237.09,235.17,0.54,31603.74,447038.91
"05/02/2023 21:00:00",5.87,9.29,7.77,5.18,237.13,237.90,235.50,0.38,31603.84,447039.19
"05/02/2023 21:30:00",17.20,4.82,17.03,6.45,238.98,240.04,237.43,0.47,31603.96,447039.53
"05/02/2023 22:00:00",17.41,5.44,12.30,8.29,239.22,240.02,237.62,0.61,31604.05,447039.94
"05/02/2023 22:30:00",19.76,4.59,11.88,8.16,237.59,238.39,236.11,0.60,31604.19,447040.53
"05/02/2023 23:00:00",17.04,8.51,20.94,8.27,238.87,239.58,236.98,0.61,31604.35,447041.34
"05/02/2023 23:30:00",6.04,5.83,14.13,5.50,237.55,238.15,235.91,0.40,31604.54,447042.16
"06/02/2023 00:00:00",6.65,5.19,14.56,6.05,236.82,237.52,235.20,0.44,31604.68,447042.66
"06/02/2023 00:30:00",8.69,6.85,10.86,4.96,237.25,238.24,235.63,0.36,31604.83,447043.66
"06/02/2023 01:00:00",8.03,5.29,7.28,4.65,237.84,238.57,236.15,0.34,31604.97,447044.22
"06/02/2023 01:30:00",11.85,10.89,6.28,6.65,238.17,238.80,236.78,0.49,31605.12,447044.81
"06/02/2023 02:00:00",6.20,5.06,6.80,4.00,237.68,238.27,235.74,0.26,31605.27,447045.38
"06/02/2023 02:30:00",17.35,5.19,6.89,4.07,238.17,238.60,236.52,0.26,31605.42,447046.00
"06/02/2023 03:00:00",8.65,10.93,7.41,6.31,237.85,238.26,236.27,0.41,31605.53,447046.47
"06/02/2023 03:30:00",,,,,,,,,31605.65,
"06/02/2023 04:00:00",5.45,9.20,7.32,4.89,239.12,239.29,237.52,0.32,31605.76,447047.34
"06/02/2023 04:30:00",11.58,4.93,7.27,6.22,238.01,238.87,237.03,0.40,31605.89,447047.91
"06/02/2023 05:00:00",5.92,11.64,7.83,5.87,238.95,239.65,237.58,0.38,31605.98,447048.34
"06/02/2023 05:30:00",,,,,,,,,31606.12,
"06/02/2023 06:00:00",7.18,15.40,14.65,8.65,237.56,237.82,236.40,0.64,31606.24,447049.44
"06/02/2023 06:30:00",9.39,11.68,21.31,8.25,241.05,242.05,239.84,0.61,31606.38,447050.09
"06/02/2023 07:00:00",10.01,11.30,13.80,8.28,239.36,240.04,237.99,0.92,31606.56,447050.91
"06/02/2023 07:30:00",,,,,,,,,31606.77,
"06/02/2023 08:00:00",7.61,7.62,13.02,7.26,239.33,240.14,237.94,0.81,31607.07,447053.22
"06/02/2023 08:30:00",,,,,,,,,31607.25,
"06/02/2023 09:00:00",28.99,25.62,14.57,16.54,237.54,238.23,236.88,1.84,31607.73,447055.59
"06/02/2023 09:30:00",,,,,,,,,31608.40,
"06/02/2023 10:00:00",29.02,42.54,20.25,21.39,233.42,233.93,232.65,2.76,31609.26,447062.69
"06/02/2023 10:30:00",,,,,,,,,31610.13,
"06/02/2023 11:00:00",34.30,30.51,32.88,21.47,233.14,234.37,233.52,2.77,31611.10,447069.25
"06/02/2023 11:30:00",35.09,37.09,22.83,21.50,233.49,234.41,233.59,2.78,31612.08,447072.22
"06/02/2023 12:00:00",37.39,35.63,24.15,22.91,235.07,235.95,235.35,2.55,31613.01,447074.34
"06/02/2023 12:30:00",32.96,49.39,23.93,24.35,235.49,236.67,235.75,2.72,31613.92,447076.69
"06/02/2023 13:00:00",,,,,,,,,31614.56,
"06/02/2023 13:30:00",32.38,28.45,14.46,17.58,235.77,236.99,235.74,1.96,31615.01,447079.97
"06/02/2023 14:00:00",26.80,69.06,16.89,26.23,235.94,236.69,235.58,2.92,31615.75,447082.63
"06/02/2023 14:30:00",,,,,,,,,31616.41,
"06/02/2023 15:00:00",42.74,47.43,26.15,29.96,235.76,236.76,235.16,3.34,31617.30,447087.03
"06/02/2023 15:30:00",37.73,57.22,22.75,27.46,236.17,236.36,235.54,3.06,31618.20,447090.41
"06/02/2023 16:00:00",27.81,34.75,28.95,20.40,237.71,238.53,236.57,2.27,31619.25,447094.41
"06/02/2023 16:30:00",38.46,40.68,27.97,24.37,237.41,238.16,236.39,2.72,31620.21,447097.31
"06/02/2023 17:00:00",28.66,41.30,24.41,22.05,235.89,236.22,234.70,2.46,31620.78,447099.28
"06/02/2023 17:30:00",,,,,,,,,31621.55,
"06/02/2023 18:00:00",16.27,24.51,16.81,14.99,234.32,233.75,232.76,1.67,31622.00,447104.84
"06/02/2023 18:30:00",14.25,17.78,23.12,12.87,233.30,233.32,232.03,1.66,31622.37,447106.56
"06/02/2023 19:00:00",,,,,,,,,31622.82,
"06/02/2023 19:30:00",21.62,9.03,11.04,8.29,235.01,234.56,233.32,1.07,31623.14,447111.56
"06/02/2023 20:00:00",13.44,12.88,9.97,7.81,234.66,234.48,233.14,1.01,31623.46,447113.97
"06/02/2023 20:30:00",26.96,10.25,9.65,10.70,235.60,235.66,234.12,1.38,31623.85,447117.13
"06/02/2023 21:00:00",15.63,16.26,9.49,10.03,237.20,237.42,236.05,1.12,31624.09,447119.53
"06/02/2023 21:30:00",14.37,33.93,10.21,11.98,236.73,236.56,235.50,1.34,31624.51,447122.97
"06/02/2023 22:00:00",,,,,,,,,31624.80,
"06/02/2023 22:30:00",37.56,15.85,8.86,12.52,238.21,238.60,237.25,1.40,31625.08,447125.56
"06/02/2023 23:00:00",11.79,17.59,12.26,10.13,239.14,239.32,237.69,1.13,31625.46,447127.34
"06/02/2023 23:30:00",11.84,9.18,10.24,7.38,240.58,241.46,239.10,0.82,31625.81,447128.59
"07/02/2023 00:00:00",,,,,,,,,31626.13,
"07/02/2023 00:30:00",6.61,5.81,7.32,4.77,239.19,239.86,238.31,0.35,31626.25,447130.13
"07/02/2023 01:00:00",6.11,13.11,15.44,7.21,242.33,239.35,237.77,0.53,31626.42,447130.81
"07/02/2023 01:30:00",11.96,7.18,11.51,6.64,235.11,235.82,233.99,0.49,31626.55,447131.31
"07/02/2023 02:00:00",6.73,9.02,12.75,6.81,235.31,236.08,234.75,0.44,31626.68,447131.81
"07/02/2023 02:30:00",6.72,11.32,14.34,7.41,235.82,236.48,235.25,0.48,31626.81,447132.59
"07/02/2023 03:00:00",6.65,17.87,16.07,9.08,237.11,237.45,235.72,0.59,31626.95,447133.13
"07/02/2023 03:30:00",6.19,5.05,8.26,4.40,238.01,238.54,236.87,0.28,31627.09,447134.06
"07/02/2023 04:00:00",6.03,7.16,14.61,6.36,238.33,238.96,237.48,0.41,31627.22,447134.50
"07/02/2023 04:30:00",11.87,11.45,12.23,8.18,237.06,237.83,236.64,0.53,31627.38,447135.34
"07/02/2023 05:00:00",9.40,6.47,13.73,6.87,237.36,237.84,236.93,0.44,31627.53,447136.09
"07/02/2023 05:30:00",,,,,,,,,31627.67,
"07/02/2023 06:00:00",7.14,7.59,8.61,5.30,237.41,237.87,236.61,0.39,31627.84,447137.59
"07/02/2023 06:30:00",,,,,,,,,31628.01,
"07/02/2023 07:00:00",7.46,10.98,9.14,6.38,239.74,240.14,238.75,0.71,31628.22,447139.16
"07/02/2023 07:30:00",13.01,10.18,14.16,8.85,240.17,240.57,239.58,0.99,31628.56,447140.09
"07/02/2023 08:00:00",8.77,9.01,11.04,6.28,240.29,240.39,239.23,0.70,31628.86,447141.53
"07/02/2023 08:30:00",9.21,14.97,11.27,8.38,240.09,240.42,239.12,0.93,31629.13,447143.41
"07/02/2023 09:00:00",18.11,19.92,18.51,12.55,239.68,239.67,238.33,1.40,31629.54,447145.53
"07/02/2023 09:30:00",21.81,28.68,12.90,15.90,239.03,239.39,237.72,2.05,31629.94,447147.88
"07/02/2023 10:00:00",,,,,,,,,31630.86,
"07/02/2023 10:30:00",38.34,38.58,19.81,22.62,240.22,240.52,238.89,2.92,31631.67,447155.94
"07/02/2023 11:00:00",32.75,18.84,27.02,18.62,238.29,238.93,237.54,2.41,31632.41,447157.66
"07/02/2023 11:30:00",,,,,,,,,31633.11,
"07/02/2023 12:00:00",,,,,,,,,31634.13,
"07/02/2023 12:30:00",29.19,42.84,28.50,23.94,239.14,239.87,238.67,2.67,31634.99,447165.09
"07/02/2023 13:00:00",16.51,25.18,16.73,13.96,239.58,240.51,239.12,1.56,31635.57,447166.22
"07/02/2023 13:30:00",25.09,26.73,18.97,16.39,239.34,240.07,238.71,1.83,31636.16,447168.53
"07/02/2023 14:00:00",20.30,19.33,26.88,15.74,240.15,240.90,238.80,1.75,31636.74,447170.09
"07/02/2023 14:30:00",29.79,44.58,30.96,25.03,238.59,238.85,237.58,2.79,31637.58,447172.78
"07/02/2023 15:00:00",26.22,45.71,31.21,24.46,237.19,237.67,235.83,2.73,31638.57,447175.59
"07/02/2023 15:30:00",,,,,,,,,31639.24,
"07/02/2023 16:00:00",,,,,,,,,31640.10,
"07/02/2023 16:30:00",30.61,32.71,24.16,20.75,235.87,235.92,234.17,2.31,31640.82,447182.38
"07/02/2023 17:00:00",,,,,,,,,31641.46,
"07/02/2023 17:30:00",,,,,,,,,31642.01,
"07/02/2023 18:00:00",14.59,16.95,18.42,11.42,234.93,234.85,232.60,1.27,31642.48,447189.47
"07/02/2023 18:30:00",,,,,,,,,31642.86,
"07/02/2023 19:00:00",,,,,,,,,31643.17,
"07/02/2023 19:30:00",26.10,23.61,20.23,16.36,237.83,237.57,235.59,2.11,31643.79,447194.56
"07/02/2023 20:00:00",17.09,33.13,20.93,16.58,237.91,237.44,235.41,2.14,31644.40,447197.03
"07/02/2023 20:30:00",,,,,,,,,31645.04,
"07/02/2023 21:00:00",,,,,,,,,31645.54,
"07/02/2023 21:30:00",17.94,20.88,17.13,13.28,238.34,238.07,235.95,1.48,31645.92,447203.47
"07/02/2023 22:00:00",,,,,,,,,31646.30,
"07/02/2023 22:30:00",,,,,,,,,31646.73,
"07/02/2023 23:00:00",11.22,11.50,15.36,9.18,237.90,237.86,236.15,1.02,31646.99,447206.81
"07/02/2023 23:30:00",,,,,,,,,31647.33,
"08/02/2023 00:00:00",,,,,,,,,31647.62,
"08/02/2023 00:30:00",,,,,,,,,31647.72,
"08/02/2023 01:00:00",6.76,5.66,7.64,4.69,238.39,238.72,236.93,0.34,31647.82,447209.59
"08/02/2023 01:30:00",,,,,,,,,31647.96,
"08/02/2023 02:00:00",,,,,,,,,31648.03,
"08/02/2023 02:30:00",6.46,6.51,7.87,4.68,235.37,236.13,234.75,0.30,31648.17,447210.66
"08/02/2023 03:00:00",,,,,,,,,31648.26,
"08/02/2023 03:30:00",6.50,11.81,13.70,9.96,237.65,237.93,236.92,0.64,31648.33,447211.50
"08/02/2023 04:00:00",14.51,7.73,7.41,6.36,237.22,238.03,237.33,0.41,31648.42,447211.97
"08/02/2023 04:30:00",,,,,,,,,31648.53,
"08/02/2023 05:00:00",,,,,,,,,31648.63,
"08/02/2023 05:30:00",7.47,8.99,9.28,8.19,238.63,239.35,238.18,0.53,31648.73,447213.16
"08/02/2023 06:00:00",7.55,12.23,15.24,8.03,236.67,237.07,235.91,0.59,31648.93,447214.06
"08/02/2023 06:30:00",,,,,,,,,31649.13,
"08/02/2023 07:00:00",,,,,,,,,31649.35,
"08/02/2023 07:30:00",,,,,,,,,31649.60,
"08/02/2023 08:00:00",7.84,23.30,12.42,9.57,237.11,237.40,236.42,1.07,31649.85,447219.03
"08/02/2023 08:30:00",19.29,10.40,10.22,6.58,236.41,236.85,235.48,0.73,31650.15,447220.94
"08/02/2023 09:00:00",,,,,,,,,31650.59,
"08/02/2023 09:30:00",33.84,38.68,29.40,23.16,235.78,235.91,234.46,2.99,31651.19,447226.47
"08/02/2023 10:00:00",42.65,25.17,35.55,23.76,236.67,236.87,234.93,3.07,31652.30,447229.84
"08/02/2023 10:30:00",,,,,,,,,31653.18,
"08/02/2023 11:00:00",40.68,26.49,33.44,26.11,233.52,233.80,232.67,3.37,31654.22,447237.88
"08/02/2023 11:30:00",39.18,53.77,30.11,26.97,235.08,235.34,233.78,3.48,31655.31,447240.78
"08/02/2023 12:00:00",,,,,,,,,31656.36,
"08/02/2023 12:30:00",32.93,31.12,23.65,20.14,236.43,236.64,234.87,2.25,31657.09,447248.00
"08/02/2023 13:00:00",38.71,37.20,19.44,23.59,236.64,237.17,235.38,2.63,31657.93,447252.06
"08/02/2023 13:30:00",36.43,34.84,19.76,21.37,236.00,236.33,234.33,2.38,31658.66,447254.94
"08/02/2023 14:00:00",25.23,24.87,21.27,16.34,235.80,236.03,234.09,1.82,31659.29,447257.19
"08/02/2023 14:30:00",,,,,,,,,31659.88,
"08/02/2023 15:00:00",46.48,28.63,34.17,25.37,235.34,235.30,233.58,2.83,31660.67,447261.75
"08/02/2023 15:30:00",,,,,,,,,31661.40,
"08/02/2023 16:00:00",45.30,44.62,28.88,28.59,236.77,236.79,235.28,3.19,31662.10,447265.06
"08/02/2023 16:30:00",,,,,,,,,31662.82,
"08/02/2023 17:00:00",25.72,18.21,28.17,17.22,235.68,235.61,233.79,1.92,31663.48,447269.38
"08/02/2023 17:30:00",,,,,,,,,31663.85,
"08/02/2023 18:00:00",,,,,,,,,31664.16,
"08/02/2023 18:30:00",16.42,16.48,18.59,12.01,235.46,235.31,233.84,1.55,31664.50,447273.59
"08/02/2023 19:00:00",,,,,,,,,31664.90,
"08/02/2023 19:30:00",,,,,,,,,31665.38,
"08/02/2023 20:00:00",,,,,,,,,31665.78,
"08/02/2023 20:30:00",,,,,,,,,31666.10,
"08/02/2023 21:00:00",14.42,21.85,21.07,17.33,239.28,239.23,237.20,1.93,31666.55,447281.84
"08/02/2023 21:30:00",,,,,,,,,31666.89,
"08/02/2023 22:00:00",,,,,,,,,31667.17,
"08/02/2023 22:30:00",22.30,13.04,11.21,11.26,240.06,240.16,238.05,1.26,31667.55,447284.81
"08/02/2023 23:00:00",,,,,,,,,31667.84,
"08/02/2023 23:30:00",21.10,14.84,15.98,13.34,239.53,240.19,238.21,1.49,31668.18,447286.19
"09/02/2023 00:00:00",9.24,11.90,14.22,7.99,238.42,239.04,237.04,0.59,31668.46,447286.66
"09/02/2023 00:30:00",7.76,10.33,15.92,7.88,238.41,239.07,237.37,0.58,31668.59,447287.09
"09/02/2023 01:00:00",,,,,,,,,31668.66,
"09/02/2023 01:30:00",,,,,,,,,31668.77,
"09/02/2023 02:00:00",11.77,16.75,7.63,9.90,238.76,239.14,237.91,0.64,31668.90,447288.03
"09/02/2023 02:30:00",,,,,,,,,31669.02,
"09/02/2023 03:00:00",,,,,,,,,31669.13,
"09/02/2023 03:30:00",,,,,,,,,31669.21,
"09/02/2023 04:00:00",,,,,,,,,31669.29,
"09/02/2023 04:30:00",12.36,5.98,6.46,6.49,238.20,238.51,237.10,0.42,31669.41,447289.75
"09/02/2023 05:00:00",,,,,,,,,31669.51,
"09/02/2023 05:30:00",,,,,,,,,31669.62,
"09/02/2023 06:00:00",,,,,,,,,31669.73,
"09/02/2023 06:30:00",,,,,,,,,31669.88,
"09/02/2023 07:00:00",,,,,,,,,31670.00,
"09/02/2023 07:30:00",14.07,12.63,12.99,8.61,234.77,235.26,233.69,0.96,31670.20,447292.50
"09/02/2023 08:00:00",,,,,,,,,31670.39,
"09/02/2023 08:30:00",,,,,,,,,31670.54,
"09/02/2023 09:00:00",22.60,25.92,25.46,17.26,235.97,235.68,234.55,1.92,31670.92,447294.88
"09/02/2023 09:30:00",,,,,,,,,31671.40,
"09/02/2023 10:00:00",,,,,,,,,31672.33,
"09/02/2023 10:30:00",55.77,26.00,25.51,24.68,233.26,233.59,232.57,3.19,31673.05,447304.50
"09/02/2023 11:00:00",,,,,,,,,31674.17,
"09/02/2023 11:30:00",48.29,49.28,23.79,28.15,233.24,233.29,232.19,3.64,31675.37,447312.31
"09/02/2023 12:00:00",48.91,41.39,23.69,26.61,234.05,234.35,233.51,2.97,31676.31,447314.53
"09/02/2023 12:30:00",42.16,52.23,26.15,28.27,234.09,234.36,233.85,3.15,31676.86,447316.75
"09/02/2023 13:00:00",,,,,,,,,31677.51,
"09/02/2023 13:30:00",,,,,,,,,31677.98,
"09/02/2023 14:00:00",42.31,31.03,14.45,20.15,236.02,236.79,235.21,2.25,31678.73,447322.53
"09/02/2023 14:30:00",49.97,45.33,32.85,30.32,235.87,236.72,235.03,3.38,31679.92,447325.19
"09/02/2023 15:00:00",,,,,,,,,31680.77,
"09/02/2023 15:30:00",,,,,,,,,31681.35,
"09/02/2023 16:00:00",,,,,,,,,31682.26,
"09/02/2023 16:30:00",,,,,,,,,31683.08,
"09/02/2023 17:00:00",,,,,,,,,31683.85,
"09/02/2023 17:30:00",39.31,27.94,18.61,20.04,236.93,237.55,235.29,2.23,31684.51,447335.63
"09/02/2023 18:00:00",33.32,29.07,13.42,17.66,234.88,235.01,233.29,1.97,31685.06,447337.75
"09/02/2023 18:30:00",36.75,30.07,11.92,18.30,233.14,232.89,231.68,2.36,31685.47,447339.16
"09/02/2023 19:00:00",,,,,,,,,31685.97,
"09/02/2023 19:30:00",29.64,16.89,12.26,13.78,238.31,238.61,236.51,1.78,31686.30,447342.00
"09/02/2023 20:00:00",,,,,,,,,31686.59,
"09/02/2023 20:30:00",17.65,11.19,11.76,9.59,238.88,239.08,237.30,1.24,31687.00,447343.53
"09/02/2023 21:00:00",,,,,,,,,31687.37,
"09/02/2023 21:30:00",14.25,14.15,14.64,10.28,234.98,235.61,233.54,1.15,31687.79,447346.50
"09/02/2023 22:00:00",,,,,,,,,31688.06,
"09/02/2023 22:30:00",,,,,,,,,31688.36,
"09/02/2023 23:00:00",,,,,,,,,31688.68,
"09/02/2023 23:30:00",,,,,,,,,31688.91,
"10/02/2023 00:00:00",12.92,8.98,9.74,7.06,240.42,240.93,238.87,0.52,31689.22,447350.41
"10/02/2023 00:30:00",9.07,5.42,12.88,6.68,241.70,242.31,240.59,0.49,31689.37,447350.88
"10/02/2023 01:00:00",9.07,6.84,11.68,5.81,239.12,239.79,238.04,0.43,31689.49,447351.09
"10/02/2023 01:30:00",,,,,,,,,31689.63,
"10/02/2023 02:00:00",9.63,18.53,14.76,9.21,237.21,237.91,236.44,0.60,31689.77,447351.78
"10/02/2023 02:30:00",,,,,,,,,31689.87,
"10/02/2023 03:00:00",,,,,,,,,31689.98,
"10/02/2023 03:30:00",9.52,21.70,19.12,12.00,238.51,239.02,237.70,0.78,31690.14,447353.16
"10/02/2023 04:00:00",,,,,,,,,31690.25,
"10/02/2023 04:30:00",,,,,,,,,31690.37,
"10/02/2023 05:00:00",9.61,5.87,7.52,5.34,238.66,239.39,238.30,0.35,31690.48,447354.22
"10/02/2023 05:30:00",,,,,,,,,31690.65,
"10/02/2023 06:00:00",,,,,,,,,31690.86,
"10/02/2023 06:30:00",10.77,24.11,15.10,11.62,238.27,238.72,237.22,0.85,31691.08,447356.81
"10/02/2023 07:00:00",,,,,,,,,31691.29,
"10/02/2023 07:30:00",16.92,12.40,11.07,8.42,236.96,237.45,236.35,0.94,31691.71,447359.94
"10/02/2023 08:00:00",,,,,,,,,31692.04,
"10/02/2023 08:30:00",,,,,,,,,31692.35,
"10/02/2023 09:00:00",,,,,,,,,31692.72,
"10/02/2023 09:30:00",23.01,11.09,12.02,10.65,234.61,235.12,233.41,1.38,31693.24,447369.66
"10/02/2023 10:00:00",27.68,11.84,15.80,12.67,234.31,234.87,233.28,1.64,31693.86,447372.88
"10/02/2023 10:30:00",39.19,14.72,24.85,17.68,234.00,234.59,233.80,2.28,31694.43,447376.59
"10/02/2023 11:00:00",,,,,,,,,31695.06,
"10/02/2023 11:30:00",35.14,23.06,21.63,18.79,234.16,234.79,233.68,2.43,31696.03,447384.59
"10/02/2023 12:00:00",42.54,30.36,19.89,22.82,239.23,239.56,238.49,2.54,31696.67,447387.84
"10/02/2023 12:30:00",35.32,37.04,9.33,17.54,238.30,238.31,238.26,1.96,31697.52,447391.03
"10/02/2023 13:00:00",,,,,,,,,31698.01,
"10/02/2023 13:30:00",27.23,20.50,13.20,13.99,233.63,234.38,233.81,1.56,31698.49,447394.75
"10/02/2023 14:00:00",,,,,,,,,31699.03,
"10/02/2023 14:30:00",,,,,,,,,31699.91,
"10/02/2023 15:00:00",36.17,28.76,28.69,22.10,238.44,238.87,238.07,2.46,31700.64,447401.25
"10/02/2023 15:30:00",45.88,39.02,28.58,26.39,236.09,236.63,235.34,2.94,31701.49,447402.78
"10/02/2023 16:00:00",,,,,,,,,31702.36,
"10/02/2023 16:30:00",,,,,,,,,31703.12,
"10/02/2023 17:00:00",26.28,16.25,22.99,15.68,237.02,237.66,236.29,1.75,31703.74,447412.09
"10/02/2023 17:30:00",,,,,,,,,31704.36,
"10/02/2023 18:00:00",,,,,,,,,31704.78,
"10/02/2023 18:30:00",,,,,,,,,31705.12,
"10/02/2023 19:00:00",20.59,10.57,10.69,9.06,236.49,236.55,235.55,1.17,31705.54,447422.88
"10/02/2023 19:30:00",18.64,11.91,9.33,10.99,236.83,236.92,235.61,1.42,31705.83,447426.19
"10/02/2023 20:00:00",,,,,,,,,31706.19,
"10/02/2023 20:30:00",20.10,10.41,10.13,10.25,238.78,238.56,236.87,1.32,31706.53,447429.97
"10/02/2023 21:00:00",,,,,,,,,31706.80,
"10/02/2023 21:30:00",,,,,,,,,31706.98,
"10/02/2023 22:00:00",13.75,9.73,9.01,7.88,237.84,237.97,236.32,0.88,31707.23,447433.91
"10/02/2023 22:30:00",,,,,,,,,31707.49,
"10/02/2023 23:00:00",12.41,7.11,15.06,8.01,236.58,237.42,236.00,0.89,31707.75,447435.88
"10/02/2023 23:30:00",,,,,,,,,31708.01,
"11/02/2023 00:00:00",14.58,6.00,8.36,6.64,237.86,238.75,237.33,0.49,31708.24,447438.16
"11/02/2023 00:30:00",9.54,10.07,7.86,6.31,237.98,238.66,236.95,0.46,31708.40,447438.78
"11/02/2023 01:00:00",,,,,,,,,31708.59,
"11/02/2023 01:30:00",8.93,11.71,6.72,6.52,238.73,239.30,238.26,0.48,31708.75,447440.84
"11/02/2023 02:00:00",16.13,7.49,8.08,7.39,238.55,239.71,237.74,0.48,31708.92,447441.56
"11/02/2023 02:30:00",,,,,,,,,31709.06,
"11/02/2023 03:00:00",,,,,,,,,31709.13,
"11/02/2023 03:30:00",9.61,6.14,8.06,5.40,240.14,241.23,239.85,0.35,31709.24,447443.00
"11/02/2023 04:00:00",10.24,6.67,7.07,6.70,239.89,241.14,239.48,0.43,31709.36,447443.44
"11/02/2023 04:30:00",9.02,4.83,8.87,4.60,239.75,241.11,239.43,0.30,31709.50,447443.91
"11/02/2023 05:00:00",21.42,6.26,9.47,5.51,240.06,241.11,239.56,0.36,31709.62,447444.66
"11/02/2023 05:30:00",,,,,,,,,31709.75,
"11/02/2023 06:00:00",,,,,,,,,31709.91,
"11/02/2023 06:30:00",,,,,,,,,31710.04,
"11/02/2023 07:00:00",8.89,13.32,16.22,9.07,237.59,239.08,237.37,0.67,31710.20,447447.16
"11/02/2023 07:30:00",,,,,,,,,31710.33,
"11/02/2023 08:00:00",9.15,7.55,8.44,5.73,236.49,237.79,236.67,0.42,31710.46,447448.22
"11/02/2023 08:30:00",9.58,6.01,7.30,5.37,238.27,239.57,238.01,0.39,31710.59,447448.63
"11/02/2023 09:00:00",9.61,7.70,7.57,6.16,238.28,239.32,237.40,0.45,31710.71,447449.03
"11/02/2023 09:30:00",9.34,19.38,6.57,8.14,236.63,237.63,236.45,0.91,31710.86,447449.28
"11/02/2023 10:00:00",,,,,,,,,31711.03,
"11/02/2023 10:30:00",13.71,4.93,7.48,5.67,236.42,238.06,236.73,0.63,31711.27,447450.84
"11/02/2023 11:00:00",8.35,13.21,4.86,6.54,236.35,237.61,237.14,0.73,31711.51,447451.56
"11/02/2023 11:30:00",7.52,4.61,4.20,3.63,235.97,237.66,236.80,0.41,31711.66,447451.91
"11/02/2023 12:00:00",9.04,6.09,5.69,4.40,235.26,237.35,236.51,0.49,31711.81,447452.47
"11/02/2023 12:30:00",8.29,4.71,4.99,3.87,237.18,238.57,237.62,0.43,31711.94,447452.84
"11/02/2023 13:00:00",,,,,,,,,31712.13,
"11/02/2023 13:30:00",13.80,10.24,4.54,9.04,237.64,239.18,237.64,0.66,31712.25,447453.50
"11/02/2023 14:00:00",17.28,11.80,5.68,8.25,238.57,239.30,237.55,0.61,31712.36,447453.72
"11/02/2023 14:30:00",5.46,5.28,4.92,3.39,238.61,239.70,238.07,0.25,31712.48,447454.03
"11/02/2023 15:00:00",,,,,,,,,31712.59,
"11/02/2023 15:30:00",,,,,,,,,31712.73,
"11/02/2023 16:00:00",8.79,5.28,5.32,4.50,241.01,242.40,239.73,0.33,31712.84,447454.97
"11/02/2023 16:30:00",15.39,15.20,10.39,7.86,238.15,239.09,237.17,0.58,31713.01,447455.59
"11/02/2023 17:00:00",6.30,6.44,6.44,4.32,237.59,238.58,236.23,0.32,31713.13,447455.97
"11/02/2023 17:30:00",,,,,,,,,31713.26,
"11/02/2023 18:00:00",6.38,7.05,13.95,6.21,236.36,236.85,234.71,0.46,31713.38,447456.81
"11/02/2023 18:30:00",10.24,5.95,16.53,7.18,238.15,238.44,236.55,0.80,31713.53,447457.44
"11/02/2023 19:00:00",,,,,,,,,31713.78,
"11/02/2023 19:30:00",12.56,5.71,13.48,8.75,237.21,237.92,235.59,0.98,31714.05,447460.03
"11/02/2023 20:00:00",6.72,9.15,17.47,7.23,237.38,237.61,235.13,0.81,31714.29,447460.91
"11/02/2023 20:30:00",,,,,,,,,31714.59,
"11/02/2023 21:00:00",,,,,,,,,31714.75,
"11/02/2023 21:30:00",10.03,6.45,15.39,5.64,239.26,239.41,237.74,0.63,31714.97,447464.31
"11/02/2023 22:00:00",9.72,12.06,7.08,6.75,241.49,241.87,240.15,0.50,31715.20,447465.75
"11/02/2023 22:30:00",,,,,,,,,31715.33,
"11/02/2023 23:00:00",,,,,,,,,31715.48,
"11/02/2023 23:30:00",,,,,,,,,31715.58,
"12/02/2023 00:00:00",11.99,6.50,9.04,6.68,237.86,238.77,237.15,0.49,31715.71,447468.16
"12/02/2023 00:30:00",9.26,5.85,8.04,5.32,240.97,241.42,239.66,0.39,31715.83,447468.63
"12/02/2023 01:00:00",6.51,6.56,7.76,4.74,238.42,239.19,237.25,0.35,31715.97,447469.19
"12/02/2023 01:30:00",,,,,,,,,31716.12,
"12/02/2023 02:00:00",6.74,13.54,15.08,8.17,236.23,236.89,234.95,0.53,31716.26,447470.69
"12/02/2023 02:30:00",10.21,16.42,9.25,10.42,236.38,236.81,235.39,0.67,31716.38,447471.16
"12/02/2023 03:00:00",,,,,,,,,31716.51,
"12/02/2023 03:30:00",6.34,12.11,12.48,6.66,237.45,237.98,236.58,0.43,31716.65,447472.22
"12/02/2023 04:00:00",13.02,13.52,14.15,8.82,237.21,237.88,236.31,0.57,31716.78,447472.75
"12/02/2023 04:30:00",,,,,,,,,31716.92,
"12/02/2023 05:00:00",7.32,6.63,8.00,4.90,236.79,237.70,236.16,0.32,31717.01,447473.94
"12/02/2023 05:30:00",9.31,6.56,7.54,5.36,236.86,237.71,236.03,0.35,31717.13,447474.56
"12/02/2023 06:00:00",,,,,,,,,31717.24,
"12/02/2023 06:30:00",9.51,9.30,7.71,6.62,235.50,236.65,234.55,0.49,31717.42,447475.69
"12/02/2023 07:00:00",9.57,5.85,7.29,5.13,236.85,237.35,235.82,0.38,31717.57,447476.31
"12/02/2023 07:30:00",15.32,5.46,5.41,5.47,234.76,236.16,234.99,0.40,31717.70,447476.84
"12/02/2023 08:00:00",,,,,,,,,31717.84,
"12/02/2023 08:30:00",,,,,,,,,31717.97,
"12/02/2023 09:00:00",6.42,9.61,10.88,6.20,235.19,236.06,234.09,0.46,31718.13,447478.63
"12/02/2023 09:30:00",,,,,,,,,31718.25,
"12/02/2023 10:00:00",8.56,5.68,13.59,9.57,238.34,239.34,237.28,0.70,31718.40,447479.38
"12/02/2023 10:30:00",14.22,3.79,9.69,8.26,237.84,239.13,237.35,0.61,31718.51,447479.72
"12/02/2023 11:00:00",,,,,,,,,31718.64,
"12/02/2023 11:30:00",,,,,,,,,31718.81,
"12/02/2023 12:00:00",9.43,5.38,8.17,4.70,237.02,237.82,236.02,0.34,31718.96,447480.88
"12/02/2023 12:30:00",8.65,5.17,5.98,4.51,236.38,237.30,235.69,0.33,31719.07,447481.25
"12/02/2023 13:00:00",8.26,4.82,4.60,3.88,237.44,238.23,236.06,0.28,31719.20,447481.50
"12/02/2023 13:30:00",7.36,4.22,8.56,3.66,237.66,238.12,236.21,0.27,31719.33,447481.97
"12/02/2023 14:00:00",8.88,4.84,9.10,6.58,238.13,238.54,236.72,0.48,31719.42,447482.19
"12/02/2023 14:30:00",10.93,4.81,5.46,4.35,237.79,238.51,237.18,0.32,31719.58,447482.78
"12/02/2023 15:00:00",9.01,13.18,7.22,6.80,237.77,238.23,236.73,0.50,31719.67,447483.06
"12/02/2023 15:30:00",9.21,7.73,6.45,4.95,238.69,238.94,237.26,0.36,31719.79,447483.56
"12/02/2023 16:00:00",,,,,,,,,31719.90,
"12/02/2023 16:30:00",,,,,,,,,31720.06,
"12/02/2023 17:00:00",9.59,6.82,5.56,4.94,239.08,239.65,237.76,0.36,31720.24,447485.06
"12/02/2023 17:30:00",15.03,7.23,6.59,6.22,237.39,238.16,236.09,0.46,31720.38,447485.47
"12/02/2023 18:00:00",9.52,6.40,6.72,5.15,237.82,237.66,235.56,0.38,31720.54,447486.16
"12/02/2023 18:30:00",,,,,,,,,31720.65,
"12/02/2023 19:00:00",11.33,6.51,9.00,5.94,236.71,236.71,234.98,0.44,31720.77,447486.94
"12/02/2023 19:30:00",8.03,5.65,6.94,3.59,236.95,236.99,234.71,0.26,31720.91,447487.41
"12/02/2023 20:00:00",,,,,,,,,31721.08,
"12/02/2023 20:30:00",6.58,5.68,6.97,4.35,238.28,238.65,236.12,0.32,31721.24,447488.69
"12/02/2023 21:00:00",9.41,6.07,13.95,6.78,239.93,240.15,238.07,0.50,31721.36,447489.22
"12/02/2023 21:30:00",9.73,12.95,12.10,8.30,240.75,240.67,238.41,0.61,31721.51,447489.63
"12/02/2023 22:00:00",,,,,,,,,31721.63,
"12/02/2023 22:30:00",,,,,,,,,31721.78,
"12/02/2023 23:00:00",9.53,7.40,7.37,5.65,235.97,236.98,235.03,0.41,31721.89,447491.69
"12/02/2023 23:30:00",9.56,14.90,11.99,8.50,236.10,236.56,234.69,0.62,31722.02,447492.22
"13/02/2023 00:00:00",9.52,6.79,14.96,6.41,237.75,238.11,236.45,0.47,31722.15,447492.56
"13/02/2023 00:30:00",14.77,5.79,7.13,6.39,237.07,238.06,236.44,0.47,31722.32,447493.13
"13/02/2023 01:00:00",,,,,,,,,31722.44,
"13/02/2023 01:30:00",6.29,8.30,12.02,4.96,238.26,239.00,237.36,0.36,31722.58,447493.94
"13/02/2023 02:00:00",,,,,,,,,31722.73,
"13/02/2023 02:30:00",,,,,,,,,31722.79,
"13/02/2023 03:00:00",,,,,,,,,31722.92,
"13/02/2023 03:30:00",9.42,19.91,8.65,8.88,237.33,237.61,235.76,0.57,31723.02,447495.25
"13/02/2023 04:00:00",9.49,6.10,12.59,6.46,236.90,237.01,235.77,0.42,31723.16,447495.81
"13/02/2023 04:30:00",,,,,,,,,31723.25,
"13/02/2023 05:00:00",14.64,12.22,7.31,7.95,237.06,237.49,236.38,0.51,31723.37,447496.72
"13/02/2023 05:30:00",,,,,,,,,31723.50,
"13/02/2023 06:00:00",10.69,8.58,19.26,8.03,233.98,234.72,233.37,0.59,31723.63,447498.22
"13/02/2023 06:30:00",10.68,12.06,8.69,7.95,237.15,237.84,236.32,0.58,31723.82,447498.97
"13/02/2023 07:00:00",15.82,17.46,10.69,10.43,238.08,238.33,236.88,1.16,31724.02,447500.13
"13/02/2023 07:30:00",,,,,,,,,31724.29,
"13/02/2023 08:00:00",12.07,8.80,10.72,7.34,239.21,239.52,238.40,0.82,31724.49,447501.38
"13/02/2023 08:30:00",12.51,9.38,11.65,8.00,238.16,239.02,237.31,0.89,31724.76,447502.63
"13/02/2023 09:00:00",26.38,25.84,14.26,15.63,236.53,237.29,236.02,1.74,31725.13,447503.56
"13/02/2023 09:30:00",38.27,31.75,38.74,25.34,235.65,236.60,235.34,3.27,31725.68,447505.94
"13/02/2023 10:00:00",29.77,31.36,24.10,19.35,235.48,236.39,235.25,2.50,31726.65,447510.44
"13/02/2023 10:30:00",36.51,28.26,22.74,21.25,234.55,235.29,234.60,2.75,31727.34,447514.06
"13/02/2023 11:00:00",40.78,42.35,25.05,25.62,235.38,236.21,235.65,3.31,31728.14,447517.00
"13/02/2023 11:30:00",54.16,56.74,30.36,33.01,234.84,235.15,234.95,4.27,31729.21,447521.22
"13/02/2023 12:00:00",46.18,74.88,28.99,35.04,235.03,235.53,235.24,3.91,31730.73,447526.34
"13/02/2023 12:30:00",,,,,,,,,31731.40,
"13/02/2023 13:00:00",,,,,,,,,31732.30,
"13/02/2023 13:30:00",,,,,,,,,31732.79,
"13/02/2023 14:00:00",33.78,43.51,15.83,22.17,236.07,236.79,235.64,2.47,31733.40,447533.66
"13/02/2023 14:30:00",,,,,,,,,31734.28,
"13/02/2023 15:00:00",55.36,54.73,29.75,31.76,236.46,237.19,235.84,3.54,31735.18,447539.06
"13/02/2023 15:30:00",47.18,56.80,28.65,31.08,237.00,237.63,236.40,3.47,31736.29,447541.88
"13/02/2023 16:00:00",,,,,,,,,31737.23,
"13/02/2023 16:30:00",51.58,51.56,27.25,30.83,238.18,238.55,236.93,3.44,31738.12,447546.56
"13/02/2023 17:00:00",,,,,,,,,31738.82,
"13/02/2023 17:30:00",25.66,23.28,17.43,15.54,236.95,237.29,234.87,1.73,31739.61,447551.13
"13/02/2023 18:00:00",31.88,22.21,16.94,15.73,235.50,235.13,233.02,1.75,31740.15,447553.03
"13/02/2023 18:30:00",23.08,18.00,18.15,13.50,236.94,236.69,235.17,1.74,31740.73,447555.13
"13/02/2023 19:00:00",,,,,,,,,31741.25,
"13/02/2023 19:30:00",34.87,24.31,18.95,18.51,234.42,234.24,232.39,2.39,31741.89,447560.78
"13/02/2023 20:00:00",20.92,20.49,15.23,12.86,233.98,233.84,232.21,1.66,31742.45,447562.69
"13/02/2023 20:30:00",21.72,16.27,20.59,12.65,235.11,234.43,232.91,1.63,31742.90,447564.34
"13/02/2023 21:00:00",20.11,34.00,16.46,16.28,237.02,236.19,234.48,1.81,31743.40,447566.34
"13/02/2023 21:30:00",21.73,30.86,14.18,15.36,238.04,237.53,235.34,1.71,31743.66,447566.66
"13/02/2023 22:00:00",,,,,,,,,31744.13,
"13/02/2023 22:30:00",,,,,,,,,31744.47,
"13/02/2023 23:00:00",25.12,24.32,16.71,16.13,240.89,240.61,238.02,1.80,31744.87,447569.50
"13/02/2023 23:30:00",,,,,,,,,31745.23,
"14/02/2023 00:00:00",,,,,,,,,31745.69,
"14/02/2023 00:30:00",,,,,,,,,31745.81,
"14/02/2023 01:00:00",,,,,,,,,31745.99,
"14/02/2023 01:30:00",,,,,,,,,31746.13,
"14/02/2023 02:00:00",11.05,10.38,8.78,6.94,238.81,239.14,237.03,0.45,31746.32,447572.91
"14/02/2023 02:30:00",,,,,,,,,31746.47,
"14/02/2023 03:00:00",16.78,7.81,9.17,8.43,239.77,240.26,238.10,0.55,31746.64,447573.75
"14/02/2023 03:30:00",,,,,,,,,31746.79,
"14/02/2023 04:00:00",11.49,7.80,7.16,6.12,239.50,239.89,238.33,0.40,31746.94,447574.50
"14/02/2023 04:30:00",16.85,5.75,7.59,6.95,238.87,239.31,237.23,0.45,31747.12,447575.13
"14/02/2023 05:00:00",10.57,18.60,15.29,10.71,239.64,239.87,238.31,0.69,31747.25,447575.59
"14/02/2023 05:30:00",,,,,,,,,31747.40,
"14/02/2023 06:00:00",,,,,,,,,31747.53,
"14/02/2023 06:30:00",,,,,,,,,31747.65,
"14/02/2023 07:00:00",12.17,12.01,8.87,7.65,234.52,235.58,233.60,0.85,31747.81,447576.91
"14/02/2023 07:30:00",,,,,,,,,31748.13,
"14/02/2023 08:00:00",,,,,,,,,31748.36,
"14/02/2023 08:30:00",12.76,22.49,11.91,12.78,235.69,236.35,234.74,1.42,31748.72,447579.16
"14/02/2023 09:00:00",,,,,,,,,31749.26,
"14/02/2023 09:30:00",33.78,23.59,18.99,17.86,235.49,236.57,234.92,2.31,31749.84,447582.38
"14/02/2023 10:00:00",72.15,25.91,19.09,27.66,235.66,236.79,235.56,3.57,31750.36,447583.78
"14/02/2023 10:30:00",,,,,,,,,31750.87,
"14/02/2023 11:00:00",,,,,,,,,31751.72,
"14/02/2023 11:30:00",,,,,,,,,31752.72,
"14/02/2023 12:00:00",35.65,32.48,23.16,21.68,238.00,238.81,237.81,2.42,31753.60,447593.97
"14/02/2023 12:30:00",,,,,,,,,31754.44,
"14/02/2023 13:00:00",26.09,20.40,20.43,16.32,238.35,239.80,238.10,1.82,31755.10,447598.16
"14/02/2023 13:30:00",25.47,22.39,18.79,16.49,237.77,238.72,237.57,1.84,31755.59,447600.25
"14/02/2023 14:00:00",25.95,35.49,19.33,19.10,238.04,238.95,237.14,2.13,31756.20,447602.06
"14/02/2023 14:30:00",,,,,,,,,31756.99,
"14/02/2023 15:00:00",,,,,,,,,31757.79,
"14/02/2023 15:30:00",41.83,21.32,31.27,22.78,237.40,237.94,236.27,2.54,31758.46,447609.38
"14/02/2023 16:00:00",,,,,,,,,31759.35,
"14/02/2023 16:30:00",,,,,,,,,31759.95,
"14/02/2023 17:00:00",,,,,,,,,31760.54,
"14/02/2023 17:30:00",,,,,,,,,31761.28,
"14/02/2023 18:00:00",,,,,,,,,31761.83,
"14/02/2023 18:30:00",12.46,26.98,15.76,12.94,236.85,237.34,235.20,1.67,31762.19,447620.38
"14/02/2023 19:00:00",,,,,,,,,31762.57,
"14/02/2023 19:30:00",16.47,45.75,15.99,20.40,236.96,236.61,235.07,2.64,31762.94,447623.28
"14/02/2023 20:00:00",,,,,,,,,31763.21,
"14/02/2023 20:30:00",,,,,,,,,31763.70,
"14/02/2023 21:00:00",19.34,14.89,14.44,11.04,238.95,238.99,237.30,1.23,31764.12,447627.06
"14/02/2023 21:30:00",16.96,34.79,16.69,16.21,240.46,240.25,238.13,1.81,31764.68,447628.50
"14/02/2023 22:00:00",,,,,,,,,31765.00,
"14/02/2023 22:30:00",,,,,,,,,31765.35,
"14/02/2023 23:00:00",,,,,,,,,31765.57,
"14/02/2023 23:30:00",9.34,19.63,10.36,10.75,237.52,238.28,235.62,1.20,31765.82,447631.94
"15/02/2023 00:00:00",,,,,,,,,31766.11,
"15/02/2023 00:30:00",16.70,13.94,9.34,7.69,238.82,239.01,236.49,0.56,31766.19,447633.13
"15/02/2023 01:00:00",7.95,8.59,8.51,5.72,238.83,239.12,237.05,0.42,31766.31,447633.44
"15/02/2023 01:30:00",,,,,,,,,31766.46,
"15/02/2023 02:00:00",7.39,14.39,17.25,6.82,239.80,240.04,238.06,0.44,31766.61,447634.09
"15/02/2023 02:30:00",7.26,7.42,11.28,5.79,239.15,239.61,237.34,0.37,31766.76,447634.53
"15/02/2023 03:00:00",7.53,13.96,16.50,8.00,239.84,239.94,237.61,0.52,31766.89,447634.88
"15/02/2023 03:30:00",9.56,16.20,15.74,9.17,238.05,238.03,235.72,0.59,31767.00,447635.31
"15/02/2023 04:00:00",6.72,13.64,20.93,8.13,238.08,238.39,236.07,0.53,31767.12,447635.75
"15/02/2023 04:30:00",,,,,,,,,31767.24,
"15/02/2023 05:00:00",,,,,,,,,31767.33,
"15/02/2023 05:30:00",,,,,,,,,31767.47,
"15/02/2023 06:00:00",8.64,17.88,11.51,8.45,236.62,237.05,235.77,0.62,31767.65,447637.50
"15/02/2023 06:30:00",8.19,19.90,23.61,10.37,237.49,237.91,236.36,0.76,31767.82,447638.22
"15/02/2023 07:00:00",,,,,,,,,31768.03,
"15/02/2023 07:30:00",16.30,20.34,10.72,9.58,236.44,236.94,235.72,1.07,31768.32,447640.16
"15/02/2023 08:00:00",8.50,11.54,11.35,8.88,237.65,238.35,236.92,0.99,31768.56,447640.97
"15/02/2023 08:30:00",9.51,12.06,15.29,9.84,235.72,235.98,234.68,1.10,31768.74,447641.81
"15/02/2023 09:00:00",31.30,23.83,14.84,13.37,235.31,235.27,233.71,1.49,31769.06,447643.53
"15/02/2023 09:30:00",39.72,31.51,23.60,24.10,235.16,235.38,234.20,3.11,31769.63,447646.22
"15/02/2023 10:00:00",,,,,,,,,31770.19,
"15/02/2023 10:30:00",52.11,45.47,34.88,29.27,233.98,234.85,233.59,3.78,31771.09,447650.78
"15/02/2023 11:00:00",,,,,,,,,31772.08,
"15/02/2023 11:30:00",,,,,,,,,31773.14,
"15/02/2023 12:00:00",,,,,,,,,31774.16,
"15/02/2023 12:30:00",34.37,40.86,24.20,24.17,237.64,237.70,236.15,2.69,31775.07,447660.00
"15/02/2023 13:00:00",33.33,36.24,20.35,21.36,237.52,238.06,236.19,2.38,31775.92,447661.91
"15/02/2023 13:30:00",,,,,,,,,31776.53,
"15/02/2023 14:00:00",45.42,31.44,26.59,25.85,237.89,238.11,236.40,2.88,31777.17,447667.38
"15/02/2023 14:30:00",40.38,43.44,40.88,26.82,237.96,237.93,236.24,2.99,31778.05,447669.47
"15/02/2023 15:00:00",46.17,40.13,37.35,28.46,237.98,238.53,236.46,3.17,31778.86,447671.75
"15/02/2023 15:30:00",,,,,,,,,31779.53,
"15/02/2023 16:00:00",,,,,,,,,31780.49,
"15/02/2023 16:30:00",,,,,,,,,31781.30,
"15/02/2023 17:00:00",,,,,,,,,31781.88,
"15/02/2023 17:30:00",17.97,24.70,20.27,14.39,236.07,235.65,233.40,1.60,31782.30,447682.28
"15/02/2023 18:00:00",,,,,,,,,31782.68,
"15/02/2023 18:30:00",17.48,23.55,13.99,16.35,235.05,234.79,232.29,2.11,31782.98,447684.22
"15/02/2023 19:00:00",,,,,,,,,31783.41,
"15/02/2023 19:30:00",21.15,28.32,21.44,14.82,236.05,234.76,233.23,1.91,31783.92,447687.91
"15/02/2023 20:00:00",22.47,23.99,19.90,15.06,235.02,234.69,232.51,1.95,31784.33,447688.91
"15/02/2023 20:30:00",22.40,29.46,13.84,15.25,236.50,235.66,233.98,1.97,31784.75,447690.03
"15/02/2023 21:00:00",20.92,15.78,14.72,11.68,237.76,237.10,234.82,1.30,31785.19,447691.41
"15/02/2023 21:30:00",26.94,33.12,14.87,17.24,238.07,237.26,235.42,1.92,31785.77,447692.72
"15/02/2023 22:00:00",20.33,23.01,19.19,13.15,240.63,239.98,237.47,1.47,31786.25,447694.13
"15/02/2023 22:30:00",,,,,,,,,31786.71,
"15/02/2023 23:00:00",17.51,25.30,11.20,12.34,236.43,235.99,233.77,1.38,31787.02,447696.97
"15/02/2023 23:30:00",17.81,13.95,10.48,9.91,237.58,237.74,235.62,1.11,31787.30,447697.56
"16/02/2023 00:00:00",,,,,,,,,31787.64,
"16/02/2023 00:30:00",10.74,8.17,13.07,8.83,239.58,239.71,237.56,0.65,31787.76,447699.25
"16/02/2023 01:00:00",,,,,,,,,31787.88,
"16/02/2023 01:30:00",9.67,5.19,15.71,5.66,241.41,241.51,239.62,0.42,31787.98,447699.81
"16/02/2023 02:00:00",,,,,,,,,31788.18,
"16/02/2023 02:30:00",,,,,,,,,31788.34,
"16/02/2023 03:00:00",,,,,,,,,31788.46,
"16/02/2023 03:30:00",10.18,11.97,16.06,9.11,242.08,242.00,239.99,0.59,31788.58,447701.63
"16/02/2023 04:00:00",10.04,6.56,9.26,5.83,242.52,242.06,240.52,0.38,31788.73,447702.16
"16/02/2023 04:30:00",9.61,11.25,14.07,8.12,238.28,238.29,236.15,0.53,31788.84,447702.38
"16/02/2023 05:00:00",10.34,6.73,9.09,6.07,238.92,238.88,237.07,0.39,31788.93,447702.72
"16/02/2023 05:30:00",11.75,10.07,9.02,7.20,237.61,237.51,236.01,0.47,31789.05,447703.09
"16/02/2023 06:00:00",,,,,,,,,31789.18,
"16/02/2023 06:30:00",,,,,,,,,31789.35,
"16/02/2023 07:00:00",12.79,12.71,13.65,9.35,237.60,237.38,236.40,1.04,31789.51,447704.72
"16/02/2023 07:30:00",,,,,,,,,31789.79,
"16/02/2023 08:00:00",,,,,,,,,31790.12,
"16/02/2023 08:30:00",,,,,,,,,31790.44,
"16/02/2023 09:00:00",,,,,,,,,31790.62,
"16/02/2023 09:30:00",,,,,,,,,31791.11,
"16/02/2023 10:00:00",30.38,21.16,24.81,17.83,233.93,235.03,233.69,2.30,31791.73,447714.41
"16/02/2023 10:30:00",44.03,12.76,14.27,16.86,238.39,239.12,238.00,2.18,31792.44,447716.91
"16/02/2023 11:00:00",30.10,26.40,18.51,18.04,239.12,239.46,237.75,2.33,31793.01,447718.97
"16/02/2023 11:30:00",,,,,,,,,31793.91,
"16/02/2023 12:00:00",27.47,21.74,23.49,17.26,238.44,239.07,237.56,1.92,31794.58,447723.41
"16/02/2023 12:30:00",23.67,27.10,16.87,17.48,239.32,239.78,238.25,1.95,31795.00,447724.28
"16/02/2023 13:00:00",,,,,,,,,31795.49,
"16/02/2023 13:30:00",,,,,,,,,31796.00,
"16/02/2023 14:00:00",,,,,,,,,31796.55,
"16/02/2023 14:30:00",36.89,23.04,23.29,20.07,238.21,238.82,237.77,2.24,31797.23,447729.34
"16/02/2023 15:00:00",,,,,,,,,31797.87,
"16/02/2023 15:30:00",35.59,21.65,36.20,21.36,238.73,239.71,238.32,2.38,31798.16,447731.56
"16/02/2023 16:00:00",32.04,26.84,20.19,18.96,240.47,241.00,239.69,2.11,31798.59,447732.75
"16/02/2023 16:30:00",33.10,20.03,22.92,18.93,236.48,236.96,235.94,2.11,31799.29,447734.50
"16/02/2023 17:00:00",,,,,,,,,31799.81,
"16/02/2023 17:30:00",,,,,,,,,31800.24,
"16/02/2023 18:00:00",22.26,25.82,13.99,14.25,234.79,235.15,233.09,1.59,31800.54,447739.03
"16/02/2023 18:30:00",16.20,26.45,22.90,14.42,234.79,235.06,233.14,1.86,31800.83,447739.56
"16/02/2023 19:00:00",,,,,,,,,31801.15,
"16/02/2023 19:30:00",,,,,,,,,31801.62,
"16/02/2023 20:00:00",18.02,16.30,13.03,11.39,237.71,238.27,236.05,1.47,31802.09,447744.78
"16/02/2023 20:30:00",,,,,,,,,31802.54,
"16/02/2023 21:00:00",,,,,,,,,31802.83,
"16/02/2023 21:30:00",23.89,23.92,20.80,14.66,240.01,240.68,238.34,1.63,31803.10,447748.06
"16/02/2023 22:00:00",15.09,13.46,15.99,12.80,238.18,238.78,236.91,1.43,31803.30,447748.78
"16/02/2023 22:30:00",,,,,,,,,31803.64,
"16/02/2023 23:00:00",16.51,15.50,10.16,9.28,241.11,242.19,239.93,1.03,31803.99,447750.41
"16/02/2023 23:30:00",12.36,14.01,8.99,7.88,240.98,241.52,239.43,0.88,31804.27,447751.22
"17/02/2023 00:00:00",10.33,8.43,7.71,6.09,234.26,235.15,233.00,0.45,31804.50,447751.81
"17/02/2023 00:30:00",,,,,,,,,31804.66,
"17/02/2023 01:00:00",9.84,7.29,11.89,6.68,235.06,235.68,233.96,0.49,31804.77,447752.63
"17/02/2023 01:30:00",11.77,14.91,12.63,8.94,236.29,237.26,235.06,0.66,31804.90,447752.97
"17/02/2023 02:00:00",,,,,,,,,31805.03,
"17/02/2023 02:30:00",,,,,,,,,31805.14,
"17/02/2023 03:00:00",11.82,9.19,13.25,8.13,236.93,237.96,236.21,0.53,31805.26,447753.88
"17/02/2023 03:30:00",9.73,6.51,23.00,11.86,238.23,239.00,236.90,0.77,31805.39,447754.28
"17/02/2023 04:00:00",,,,,,,,,31805.52,
"17/02/2023 04:30:00",,,,,,,,,31805.67,
"17/02/2023 05:00:00",11.43,11.39,9.73,7.78,236.97,238.10,236.55,0.50,31805.83,447755.53
"17/02/2023 05:30:00",11.78,19.38,16.34,10.97,235.12,236.16,234.15,0.71,31805.97,447755.81
"17/02/2023 06:00:00",11.14,8.60,14.84,8.83,235.11,236.26,234.62,0.65,31806.13,447756.25
"17/02/2023 06:30:00",,,,,,,,,31806.28,
"17/02/2023 07:00:00",10.98,12.60,9.66,8.34,238.80,239.76,238.14,0.93,31806.40,447756.75
"17/02/2023 07:30:00",,,,,,,,,31806.61,
"17/02/2023 08:00:00",,,,,,,,,31806.79,
"17/02/2023 08:30:00",23.39,10.11,15.62,11.00,235.28,236.02,234.12,1.23,31807.07,447758.88
"17/02/2023 09:00:00",,,,,,,,,31807.34,
"17/02/2023 09:30:00",,,,,,,,,31807.91,
"17/02/2023 10:00:00",,,,,,,,,31808.65,
"17/02/2023 10:30:00",,,,,,,,,31809.75,
"17/02/2023 11:00:00",,,,,,,,,31810.47,
"17/02/2023 11:30:00",41.52,32.06,37.67,30.26,233.71,235.04,232.74,3.91,31811.42,447771.09
"17/02/2023 12:00:00",,,,,,,,,31812.54,
"17/02/2023 12:30:00",39.76,20.99,16.07,15.33,233.27,235.01,233.20,1.71,31812.95,447774.69
"17/02/2023 13:00:00",22.51,25.67,14.83,14.67,234.00,235.59,233.79,1.64,31813.33,447775.69
"17/02/2023 13:30:00",22.25,19.21,15.32,13.26,233.66,235.71,234.29,1.48,31813.76,447776.81
"17/02/2023 14:00:00",31.88,17.73,22.08,15.54,234.14,235.86,233.38,1.73,31814.13,447777.88
"17/02/2023 14:30:00",55.05,18.03,24.65,22.69,233.14,234.85,232.71,2.53,31814.77,447780.31
"17/02/2023 15:00:00",,,,,,,,,31815.56,
"17/02/2023 15:30:00",,,,,,,,,31816.01,
"17/02/2023 16:00:00",,,,,,,,,31816.71,
"17/02/2023 16:30:00",39.52,27.70,24.81,20.68,235.09,235.86,233.60,2.31,31817.31,447787.63
"17/02/2023 17:00:00",,,,,,,,,31817.85,
"17/02/2023 17:30:00",,,,,,,,,31818.28,
"17/02/2023 18:00:00",,,,,,,,,31818.69,
"17/02/2023 18:30:00",17.51,14.71,15.70,11.06,233.60,234.16,231.85,1.43,31819.02,447791.81
"17/02/2023 19:00:00",16.28,9.02,14.20,8.58,236.99,237.66,235.36,1.11,31819.41,447793.88
"17/02/2023 19:30:00",,,,,,,,,31819.74,
"17/02/2023 20:00:00",,,,,,,,,31820.03,
"17/02/2023 20:30:00",,,,,,,,,31820.25,
"17/02/2023 21:00:00",,,,,,,,,31820.63,
"17/02/2023 21:30:00",8.82,7.93,7.71,5.65,237.38,238.52,235.93,0.63,31820.83,447799.66
"17/02/2023 22:00:00",8.53,7.92,9.78,5.56,238.24,238.98,236.73,0.62,31821.00,447800.56
"17/02/2023 22:30:00",8.68,5.85,6.95,5.15,239.06,239.62,237.19,0.57,31821.20,447801.13
"17/02/2023 23:00:00",,,,,,,,,31821.38,
"17/02/2023 23:30:00",,,,,,,,,31821.59,
"18/02/2023 00:00:00",,,,,,,,,31821.84,
"18/02/2023 00:30:00",6.20,12.51,7.87,6.18,237.56,238.19,236.33,0.45,31821.98,447803.50
"18/02/2023 01:00:00",15.60,10.49,13.96,7.16,237.82,238.58,236.24,0.53,31822.09,447803.94
"18/02/2023 01:30:00",,,,,,,,,31822.15,
"18/02/2023 02:00:00",,,,,,,,,31822.23,
"18/02/2023 02:30:00",,,,,,,,,31822.34,
"18/02/2023 03:00:00",7.69,6.55,8.93,5.23,238.91,239.50,237.41,0.34,31822.43,447804.94
"18/02/2023 03:30:00",,,,,,,,,31822.54,
"18/02/2023 04:00:00",7.80,8.43,14.86,5.31,236.81,237.83,235.64,0.34,31822.62,447805.53
"18/02/2023 04:30:00",13.87,6.69,8.22,7.16,237.27,238.09,235.78,0.46,31822.72,447806.00
"18/02/2023 05:00:00",14.86,6.38,9.37,4.74,236.30,237.46,235.31,0.31,31822.80,447806.19
"18/02/2023 05:30:00",7.17,9.93,16.07,7.58,236.66,237.74,235.68,0.49,31822.93,447806.88
"18/02/2023 06:00:00",9.44,6.34,7.99,5.08,236.37,237.31,235.37,0.37,31823.03,447807.19
"18/02/2023 06:30:00",7.63,10.10,7.94,5.83,235.11,236.17,234.05,0.43,31823.16,447807.81
"18/02/2023 07:00:00",,,,,,,,,31823.28,
"18/02/2023 07:30:00",6.22,11.42,6.44,5.50,234.57,235.88,233.56,0.40,31823.38,447808.41
"18/02/2023 08:00:00",12.89,8.40,8.00,6.53,234.02,234.93,232.99,0.48,31823.54,447808.88
"18/02/2023 08:30:00",,,,,,,,,31823.64,
"18/02/2023 09:00:00",6.43,17.50,7.79,7.22,237.00,238.42,236.29,0.53,31823.77,447809.44
"18/02/2023 09:30:00",7.63,12.06,5.46,4.96,236.04,237.76,236.36,0.55,31823.84,447809.63
"18/02/2023 10:00:00",,,,,,,,,31823.96,
"18/02/2023 10:30:00",8.07,1.97,3.97,2.86,236.01,237.89,236.66,0.32,31824.06,447809.97
"18/02/2023 11:00:00",,,,,,,,,31824.17,
"18/02/2023 11:30:00",,,,,,,,,31824.26,
"18/02/2023 12:00:00",4.34,3.20,3.75,2.11,239.44,241.33,239.68,0.23,31824.32,447810.94
"18/02/2023 12:30:00",,,,,,,,,31824.46,
"18/02/2023 13:00:00",,,,,,,,,31824.54,
"18/02/2023 13:30:00",3.42,7.08,4.67,4.73,238.26,239.97,238.37,0.35,31824.59,447812.41
"18/02/2023 14:00:00",,,,,,,,,31824.65,
"18/02/2023 14:30:00",,,,,,,,,31824.75,
"18/02/2023 15:00:00",17.03,14.44,7.40,6.31,237.08,238.32,236.34,0.46,31824.82,447813.13
"18/02/2023 15:30:00",8.96,8.07,7.36,5.55,236.33,237.13,235.50,0.41,31824.92,447813.28
"18/02/2023 16:00:00",20.49,13.32,9.12,6.83,237.29,238.24,236.10,0.50,31825.02,447813.47
"18/02/2023 16:30:00",11.08,10.55,5.75,5.93,237.12,238.01,236.06,0.44,31825.13,447813.72
"18/02/2023 17:00:00",9.86,13.27,7.82,7.69,238.53,239.83,237.21,0.56,31825.27,447814.00
"18/02/2023 17:30:00",,,,,,,,,31825.38,
"18/02/2023 18:00:00",7.12,12.64,8.62,6.48,237.15,238.00,235.65,0.48,31825.49,447814.53
"18/02/2023 18:30:00",,,,,,,,,31825.58,
"18/02/2023 19:00:00",7.23,7.16,7.58,4.75,235.68,237.11,234.32,0.53,31825.77,447815.31
"18/02/2023 19:30:00",7.11,5.51,15.90,6.12,234.95,236.02,233.39,0.68,31825.98,447815.97
"18/02/2023 20:00:00",7.21,7.56,15.18,6.78,236.00,236.93,234.48,0.76,31826.14,447816.56
"18/02/2023 20:30:00",,,,,,,,,31826.30,
"18/02/2023 21:00:00",,,,,,,,,31826.49,
"18/02/2023 21:30:00",,,,,,,,,31826.63,
"18/02/2023 22:00:00",,,,,,,,,31826.77,
"18/02/2023 22:30:00",,,,,,,,,31826.89,
"18/02/2023 23:00:00",7.68,6.44,10.81,5.29,241.26,241.40,238.57,0.39,31827.03,447819.19
"18/02/2023 23:30:00",,,,,,,,,31827.12,
"19/02/2023 00:00:00",7.78,13.59,15.36,8.51,237.96,238.52,235.57,0.62,31827.25,447819.91
"19/02/2023 00:30:00",7.53,12.27,7.75,6.36,238.87,239.55,236.46,0.47,31827.34,447820.34
"19/02/2023 01:00:00",,,,,,,,,31827.47,
"19/02/2023 01:30:00",,,,,,,,,31827.58,
"19/02/2023 02:00:00",,,,,,,,,31827.73,
"19/02/2023 02:30:00",,,,,,,,,31827.85,
"19/02/2023 03:00:00",7.08,15.69,8.84,8.02,239.66,240.20,238.22,0.52,31827.97,447822.09
"19/02/2023 03:30:00",6.29,12.56,7.39,8.44,237.43,237.96,236.14,0.55,31828.07,447822.25
"19/02/2023 04:00:00",7.37,9.65,8.76,5.85,237.14,237.76,235.83,0.38,31828.16,447822.47
"19/02/2023 04:30:00",6.39,5.56,8.59,4.49,238.69,239.36,237.16,0.29,31828.26,447822.88
"19/02/2023 05:00:00",,,,,,,,,31828.39,
"19/02/2023 05:30:00",7.33,8.41,8.54,5.52,237.75,238.57,236.29,0.36,31828.45,447823.34
"19/02/2023 06:00:00",,,,,,,,,31828.54,
"19/02/2023 06:30:00",,,,,,,,,31828.63,
"19/02/2023 07:00:00",6.67,5.20,7.59,4.31,236.82,237.29,235.00,0.32,31828.77,447824.13
"19/02/2023 07:30:00",5.94,7.33,8.79,4.58,237.15,237.69,234.99,0.34,31828.89,447824.50
"19/02/2023 08:00:00",,,,,,,,,31829.00,
"19/02/2023 08:30:00",,,,,,,,,31829.11,
"19/02/2023 09:00:00",14.66,8.61,10.42,7.01,236.54,237.19,234.16,0.51,31829.24,447825.44
"19/02/2023 09:30:00",11.10,4.75,6.29,5.02,238.40,238.84,236.48,0.37,31829.34,447825.69
"19/02/2023 10:00:00",,,,,,,,,31829.42,
"19/02/2023 10:30:00",,,,,,,,,31829.49,
"19/02/2023 11:00:00",6.74,9.67,8.47,5.62,236.74,237.24,233.98,0.41,31829.59,447826.38
"19/02/2023 11:30:00",7.21,7.28,13.45,7.61,237.54,238.29,235.77,0.56,31829.69,447826.66
"19/02/2023 12:00:00",,,,,,,,,31829.76,
"19/02/2023 12:30:00",,,,,,,,,31829.84,
"19/02/2023 13:00:00",5.91,8.26,6.52,5.21,236.87,237.94,235.12,0.38,31829.99,447827.53
"19/02/2023 13:30:00",4.43,3.29,6.49,2.80,236.53,237.88,234.79,0.21,31830.10,447827.81
"19/02/2023 14:00:00",,,,,,,,,31830.16,
"19/02/2023 14:30:00",5.26,5.39,16.47,4.35,237.67,238.39,235.95,0.32,31830.26,447828.44
"19/02/2023 15:00:00",6.37,6.26,15.60,6.47,238.27,239.10,236.34,0.47,31830.35,447828.69
"19/02/2023 15:30:00",5.17,6.42,9.69,5.41,239.08,240.17,236.82,0.40,31830.46,447828.94
"19/02/2023 16:00:00",,,,,,,,,31830.55,
"19/02/2023 16:30:00",12.82,6.43,16.62,8.24,238.71,239.73,236.90,0.61,31830.66,447829.31
"19/02/2023 17:00:00",,,,,,,,,31830.75,
"19/02/2023 17:30:00",,,,,,,,,31830.85,
"19/02/2023 18:00:00",7.28,13.67,7.91,8.83,235.23,235.89,233.62,0.65,31830.94,447829.94
"19/02/2023 18:30:00",6.36,9.10,6.77,5.06,236.87,237.59,235.36,0.37,31831.05,447830.25
"19/02/2023 19:00:00",,,,,,,,,31831.18,
"19/02/2023 19:30:00",,,,,,,,,31831.33,
"19/02/2023 20:00:00",,,,,,,,,31831.46,
"19/02/2023 20:30:00",,,,,,,,,31831.55,
"19/02/2023 21:00:00",18.44,8.73,21.59,8.38,239.09,239.81,237.03,0.62,31831.63,447831.69
"19/02/2023 21:30:00",6.85,6.66,11.77,5.77,238.20,239.01,236.11,0.42,31831.73,447832.13
"19/02/2023 22:00:00",,,,,,,,,31831.82,
"19/02/2023 22:30:00",,,,,,,,,31831.97,
"19/02/2023 23:00:00",,,,,,,,,31832.09,
"19/02/2023 23:30:00",,,,,,,,,31832.18,
"20/02/2023 00:00:00",14.26,10.15,8.60,7.68,237.98,238.80,236.42,0.56,31832.31,447834.22
"20/02/2023 00:30:00",7.06,9.65,8.12,5.72,236.57,236.94,234.64,0.42,31832.43,447834.69
"20/02/2023 01:00:00",6.88,6.74,9.29,5.21,237.13,237.43,234.76,0.38,31832.55,447835.31
"20/02/2023 01:30:00",,,,,,,,,31832.67,
"20/02/2023 02:00:00",,,,,,,,,31832.82,
"20/02/2023 02:30:00",,,,,,,,,31832.95,
"20/02/2023 03:00:00",,,,,,,,,31833.04,
"20/02/2023 03:30:00",,,,,,,,,31833.12,
"20/02/2023 04:00:00",,,,,,,,,31833.20,
"20/02/2023 04:30:00",6.76,5.61,7.34,4.37,237.57,238.23,236.26,0.28,31833.31,447837.78
"20/02/2023 05:00:00",6.86,8.48,10.17,5.47,239.00,239.44,237.61,0.35,31833.43,447838.34
"20/02/2023 05:30:00",,,,,,,,,31833.59,
"20/02/2023 06:00:00",8.06,15.09,9.15,8.14,235.41,235.86,234.51,0.60,31833.72,447839.22
"20/02/2023 06:30:00",8.49,13.76,18.14,9.32,236.51,237.22,235.51,0.68,31833.87,447839.63
"20/02/2023 07:00:00",7.20,11.59,13.33,7.51,237.51,238.63,236.22,0.84,31834.05,447840.19
"20/02/2023 07:30:00",9.49,7.09,13.54,6.21,237.01,237.81,235.90,0.69,31834.29,447841.03
"20/02/2023 08:00:00",,,,,,,,,31834.50,
"20/02/2023 08:30:00",,,,,,,,,31834.66,
"20/02/2023 09:00:00",,,,,,,,,31834.86,
"20/02/2023 09:30:00",16.81,17.92,12.92,10.84,235.36,236.52,233.34,1.40,31835.18,447843.66
"20/02/2023 10:00:00",19.85,16.05,10.25,12.36,235.27,236.25,233.85,1.60,31835.59,447845.09
"20/02/2023 10:30:00",,,,,,,,,31835.95,
"20/02/2023 11:00:00",,,,,,,,,31836.21,
"20/02/2023 11:30:00",17.42,21.86,11.96,12.00,233.48,234.87,232.72,1.55,31836.58,447848.50
"20/02/2023 12:00:00",30.52,18.75,17.84,14.97,235.92,237.55,235.50,1.67,31837.04,447849.25
"20/02/2023 12:30:00",,,,,,,,,31837.36,
"20/02/2023 13:00:00",15.35,13.71,8.40,8.66,236.22,238.31,236.17,0.97,31837.71,447850.97
"20/02/2023 13:30:00",,,,,,,,,31837.93,
"20/02/2023 14:00:00",,,,,,,,,31838.19,
"20/02/2023 14:30:00",17.02,17.71,11.44,11.71,238.49,239.74,237.63,1.31,31838.38,447853.22
"20/02/2023 15:00:00",,,,,,,,,31838.71,
"20/02/2023 15:30:00",,,,,,,,,31839.04,
"20/02/2023 16:00:00",,,,,,,,,31839.38,
"20/02/2023 16:30:00",19.05,14.39,12.10,10.33,238.33,239.66,237.14,1.15,31839.76,447857.34
"20/02/2023 17:00:00",,,,,,,,,31840.03,
"20/02/2023 17:30:00",,,,,,,,,31840.34,
"20/02/2023 18:00:00",,,,,,,,,31840.63,
"20/02/2023 18:30:00",,,,,,,,,31840.88,
"20/02/2023 19:00:00",14.27,15.57,10.41,9.53,235.67,235.96,233.65,1.23,31841.15,447861.41
"20/02/2023 19:30:00",19.49,10.38,9.73,11.61,236.95,237.06,234.76,1.50,31841.49,447862.34
"20/02/2023 20:00:00",,,,,,,,,31841.78,
"20/02/2023 20:30:00",,,,,,,,,31842.09,
"20/02/2023 21:00:00",16.79,9.72,16.85,10.19,238.48,238.79,236.03,1.14,31842.32,447865.50
"20/02/2023 21:30:00",,,,,,,,,31842.53,
"20/02/2023 22:00:00",,,,,,,,,31842.88,
"20/02/2023 22:30:00",9.32,10.74,9.30,6.76,240.50,240.40,237.63,0.75,31843.16,447867.38
"20/02/2023 23:00:00",10.85,14.88,9.38,8.07,241.75,242.03,239.03,0.90,31843.47,447868.19
"20/02/2023 23:30:00",,,,,,,,,31843.68,
"21/02/2023 00:00:00",,,,,,,,,31843.89,
"21/02/2023 00:30:00",8.75,7.60,16.17,6.96,236.96,237.19,234.34,0.51,31844.01,447869.63
"21/02/2023 01:00:00",9.10,5.93,7.24,4.44,237.61,237.85,234.90,0.33,31844.15,447870.25
"21/02/2023 01:30:00",6.21,5.21,12.31,5.20,236.51,236.55,234.11,0.38,31844.29,447870.88
"21/02/2023 02:00:00",,,,,,,,,31844.44,
"21/02/2023 02:30:00",,,,,,,,,31844.59,
"21/02/2023 03:00:00",,,,,,,,,31844.70,
"21/02/2023 03:30:00",14.39,9.03,8.92,7.51,238.15,238.01,235.75,0.49,31844.82,447872.59
"21/02/2023 04:00:00",12.94,11.74,7.24,6.30,239.44,239.46,237.07,0.41,31844.96,447873.06
"21/02/2023 04:30:00",,,,,,,,,31845.06,
"21/02/2023 05:00:00",7.60,7.23,13.77,6.59,238.69,239.06,237.26,0.43,31845.17,447873.69
"21/02/2023 05:30:00",8.57,13.61,13.70,8.84,238.65,238.87,237.15,0.57,31845.33,447874.19
"21/02/2023 06:00:00",8.90,9.57,9.93,7.31,234.94,235.45,234.19,0.54,31845.49,447874.69
"21/02/2023 06:30:00",,,,,,,,,31845.63,
"21/02/2023 07:00:00",7.24,11.30,10.63,6.99,237.10,237.69,236.18,0.78,31845.81,447875.50
"21/02/2023 07:30:00",10.19,7.57,15.21,7.50,236.74,237.08,235.17,0.84,31846.05,447876.28
"21/02/2023 08:00:00",,,,,,,,,31846.31,
"21/02/2023 08:30:00",21.45,13.58,11.54,8.11,236.88,237.23,235.83,0.90,31846.50,447877.69
"21/02/2023 09:00:00",12.81,9.42,8.19,7.43,237.43,238.51,236.87,0.83,31846.72,447878.00
"21/02/2023 09:30:00",,,,,,,,,31846.93,
"21/02/2023 10:00:00",,,,,,,,,31847.18,
"21/02/2023 10:30:00",,,,,,,,,31847.42,
"21/02/2023 11:00:00",,,,,,,,,31847.60,
"21/02/2023 11:30:00",8.59,8.57,8.03,5.77,237.01,238.34,236.90,0.75,31847.79,447881.16
"21/02/2023 12:00:00",10.10,9.45,8.34,6.55,237.21,238.77,237.28,0.73,31848.01,447881.50
"21/02/2023 12:30:00",15.20,5.54,7.64,4.79,238.05,239.79,238.14,0.53,31848.20,447881.91
"21/02/2023 13:00:00",9.68,9.68,8.17,6.35,238.49,240.40,238.75,0.71,31848.43,447882.19
"21/02/2023 13:30:00",,,,,,,,,31848.52,
"21/02/2023 14:00:00",,,,,,,,,31848.64,
"21/02/2023 14:30:00",8.48,4.84,6.41,4.38,240.61,242.09,240.21,0.49,31848.79,447882.75
"21/02/2023 15:00:00",10.49,6.38,5.21,4.79,240.88,242.21,240.33,0.53,31848.88,447882.94
"21/02/2023 15:30:00",9.05,6.14,6.87,4.96,240.15,241.37,239.83,0.55,31849.05,447883.31
"21/02/2023 16:00:00",10.21,9.40,7.90,6.32,239.40,240.83,239.00,0.70,31849.26,447883.66
"21/02/2023 16:30:00",9.04,5.06,7.37,7.73,240.25,241.06,240.02,0.86,31849.43,447884.28
"21/02/2023 17:00:00",,,,,,,,,31849.66,
"21/02/2023 17:30:00",,,,,,,,,31849.81,
"21/02/2023 18:00:00",,,,,,,,,31850.07,
"21/02/2023 18:30:00",,,,,,,,,31850.30,
"21/02/2023 19:00:00",,,,,,,,,31850.58,
"21/02/2023 19:30:00",10.60,6.62,6.89,5.73,234.69,235.11,234.11,0.74,31850.86,447889.63
"21/02/2023 20:00:00",,,,,,,,,31851.15,
"21/02/2023 20:30:00",10.59,10.63,9.22,6.93,235.40,236.35,234.41,0.90,31851.52,447890.81
"21/02/2023 21:00:00",,,,,,,,,31851.71,
"21/02/2023 21:30:00",10.83,8.96,9.07,6.76,238.02,238.98,237.34,0.75,31851.89,447891.97
"21/02/2023 22:00:00",38.45,12.15,7.86,11.50,239.27,240.39,238.80,1.28,31852.15,447892.91
"21/02/2023 22:30:00",12.10,8.50,7.09,6.05,239.01,239.81,238.06,0.67,31852.37,447893.72
"21/02/2023 23:00:00",,,,,,,,,31852.60,
"21/02/2023 23:30:00",,,,,,,,,31852.77,
"22/02/2023 00:00:00",,,,,,,,,31852.97,
"22/02/2023 00:30:00",16.16,8.54,8.07,8.43,240.62,241.52,239.59,0.62,31853.13,447896.19
"22/02/2023 01:00:00",,,,,,,,,31853.26,
"22/02/2023 01:30:00",,,,,,,,,31853.37,
"22/02/2023 02:00:00",,,,,,,,,31853.50,
"22/02/2023 02:30:00",,,,,,,,,31853.58,
"22/02/2023 03:00:00",20.56,14.02,7.46,11.85,236.77,237.28,235.51,0.77,31853.67,447897.75
"22/02/2023 03:30:00",,,,,,,,,31853.77,
"22/02/2023 04:00:00",,,,,,,,,31853.87,
"22/02/2023 04:30:00",9.47,5.16,10.81,5.19,237.55,238.17,236.48,0.34,31853.98,447898.66
"22/02/2023 05:00:00",8.85,7.38,8.04,6.16,238.26,239.14,237.51,0.40,31854.09,447899.00
"22/02/2023 05:30:00",8.25,11.07,11.01,8.77,237.35,237.69,236.15,0.57,31854.20,447899.44
"22/02/2023 06:00:00",,,,,,,,,31854.31,
"22/02/2023 06:30:00",7.47,14.05,8.88,7.24,236.16,236.70,235.74,0.53,31854.44,447900.19
"22/02/2023 07:00:00",,,,,,,,,31854.60,
"22/02/2023 07:30:00",18.09,7.43,8.74,10.02,236.15,236.71,235.44,1.12,31854.87,447901.38
"22/02/2023 08:00:00",,,,,,,,,31855.08,
"22/02/2023 08:30:00",,,,,,,,,31855.32,
"22/02/2023 09:00:00",15.57,11.64,13.99,11.54,234.62,235.34,233.93,1.29,31855.50,447903.25
"22/02/2023 09:30:00",30.78,24.52,26.13,18.99,235.61,236.27,234.76,2.45,31855.98,447904.66
"22/02/2023 10:00:00",27.94,25.46,16.99,16.43,236.08,236.58,235.23,2.12,31856.51,447905.97
"22/02/2023 10:30:00",29.28,30.67,18.04,18.15,234.76,235.47,234.15,2.35,31856.96,447907.06
"22/02/2023 11:00:00",,,,,,,,,31857.53,
"22/02/2023 11:30:00",,,,,,,,,31857.89,
"22/02/2023 12:00:00",,,,,,,,,31858.67,
"22/02/2023 12:30:00",,,,,,,,,31859.36,
"22/02/2023 13:00:00",,,,,,,,,31859.99,
"22/02/2023 13:30:00",29.10,35.63,25.65,20.02,237.40,238.57,236.91,2.23,31860.47,447913.84
"22/02/2023 14:00:00",32.93,31.95,35.44,22.87,236.64,238.01,236.57,2.55,31861.21,447915.09
"22/02/2023 14:30:00",36.31,32.12,39.91,24.89,236.83,237.52,236.05,2.77,31861.80,447915.94
"22/02/2023 15:00:00",,,,,,,,,31862.51,
"22/02/2023 15:30:00",41.39,22.46,31.76,22.64,238.15,239.19,237.69,2.52,31863.37,447919.06
"22/02/2023 16:00:00",50.57,31.24,37.46,27.77,234.94,236.10,233.60,3.10,31863.95,447920.25
"22/02/2023 16:30:00",,,,,,,,,31864.80,
"22/02/2023 17:00:00",,,,,,,,,31865.48,
"22/02/2023 17:30:00",,,,,,,,,31865.97,
"22/02/2023 18:00:00",,,,,,,,,31866.28,
"22/02/2023 18:30:00",,,,,,,,,31866.72,
"22/02/2023 19:00:00",,,,,,,,,31867.16,
"22/02/2023 19:30:00",24.83,21.73,23.21,15.96,235.15,235.28,233.82,2.06,31867.68,447930.25
"22/02/2023 20:00:00",18.58,20.03,20.22,15.03,236.45,236.78,235.09,1.94,31868.39,447932.63
"22/02/2023 20:30:00",,,,,,,,,31868.86,
"22/02/2023 21:00:00",26.94,16.09,21.62,14.89,235.30,235.98,234.68,1.66,31869.16,447934.97
"22/02/2023 21:30:00",,,,,,,,,31869.56,
"22/02/2023 22:00:00",,,,,,,,,31869.93,
"22/02/2023 22:30:00",,,,,,,,,31870.31,
"22/02/2023 23:00:00",14.94,12.40,24.81,11.99,238.99,239.91,237.95,1.34,31870.63,447938.22
"22/02/2023 23:30:00",20.07,15.72,20.16,14.81,238.25,239.14,237.61,1.65,31871.08,447939.03
"23/02/2023 00:00:00",,,,,,,,,31871.42,
"23/02/2023 00:30:00",20.29,7.00,10.14,7.11,239.74,240.63,239.07,0.52,31871.52,447940.00
"23/02/2023 01:00:00",,,,,,,,,31871.65,
"23/02/2023 01:30:00",,,,,,,,,31871.74,
"23/02/2023 02:00:00",15.41,7.59,8.61,7.33,240.60,241.35,240.17,0.47,31871.83,447940.88
"23/02/2023 02:30:00",,,,,,,,,31871.99,
"23/02/2023 03:00:00",15.09,6.49,9.68,7.45,240.75,241.62,240.48,0.48,31872.14,447941.66
"23/02/2023 03:30:00",14.91,6.43,15.86,8.37,240.86,241.95,240.92,0.54,31872.23,447941.88
"23/02/2023 04:00:00",21.16,5.77,12.32,9.29,240.15,241.38,240.21,0.60,31872.39,447942.25
"23/02/2023 04:30:00",,,,,,,,,31872.56,
"23/02/2023 05:00:00",16.39,14.65,10.17,10.49,240.76,242.07,241.02,0.68,31872.73,447943.16
"23/02/2023 05:30:00",15.73,9.54,11.87,8.69,240.16,241.71,240.53,0.56,31872.91,447943.81
"23/02/2023 06:00:00",,,,,,,,,31873.06,
"23/02/2023 06:30:00",,,,,,,,,31873.19,
"23/02/2023 07:00:00",22.63,11.16,9.14,10.27,239.19,240.93,239.50,1.14,31873.40,447945.34
"23/02/2023 07:30:00",,,,,,,,,31873.63,
"23/02/2023 08:00:00",,,,,,,,,31873.85,
"23/02/2023 08:30:00",,,,,,,,,31874.15,
"23/02/2023 09:00:00",,,,,,,,,31874.36,
"23/02/2023 09:30:00",46.35,26.48,34.81,24.83,232.64,234.03,233.45,3.21,31874.86,447950.53
"23/02/2023 10:00:00",46.43,17.20,46.38,23.16,232.38,234.02,233.58,2.99,31875.48,447952.13
"23/02/2023 10:30:00",32.10,17.63,37.11,20.19,233.20,235.17,234.72,2.61,31876.27,447954.19
"23/02/2023 11:00:00",,,,,,,,,31877.18,
"23/02/2023 11:30:00",,,,,,,,,31878.16,
"23/02/2023 12:00:00",33.67,22.15,45.38,21.72,237.47,239.07,239.27,2.42,31879.02,447959.53
"23/02/2023 12:30:00",34.81,30.03,28.19,23.00,233.27,234.95,235.23,2.56,31879.65,447960.81
"23/02/2023 13:00:00",30.74,21.83,19.32,16.34,235.89,237.49,236.21,1.82,31880.35,447962.38
"23/02/2023 13:30:00",27.53,16.83,35.32,18.84,238.13,240.39,239.39,2.10,31880.82,447963.31
"23/02/2023 14:00:00",,,,,,,,,31881.20,
"23/02/2023 14:30:00",47.31,47.32,38.12,30.68,234.74,236.60,235.96,3.42,31881.87,447964.88
"23/02/2023 15:00:00",54.27,40.59,44.95,32.74,234.06,236.01,234.89,3.65,31882.69,447966.34
"23/02/2023 15:30:00",,,,,,,,,31883.50,
"23/02/2023 16:00:00",54.72,29.81,35.01,28.73,235.92,237.28,236.14,3.20,31884.16,447968.94
"23/02/2023 16:30:00",38.28,23.36,42.11,23.54,234.95,236.59,235.07,2.62,31884.85,447971.03
"23/02/2023 17:00:00",37.78,25.96,30.74,21.58,235.94,236.90,235.73,2.41,31885.38,447971.91
"23/02/2023 17:30:00",26.19,34.29,26.82,20.72,236.14,237.11,235.34,2.31,31885.80,447972.66
"23/02/2023 18:00:00",18.56,21.08,26.19,15.66,234.02,235.01,232.56,1.75,31886.33,447974.91
"23/02/2023 18:30:00",16.17,18.36,19.53,13.08,237.42,238.24,236.58,1.69,31886.96,447977.03
"23/02/2023 19:00:00",22.81,28.69,19.40,16.32,236.49,236.50,234.62,2.11,31887.46,447978.03
"23/02/2023 19:30:00",17.53,18.89,22.84,14.30,235.44,236.12,233.88,1.85,31888.04,447979.78
"23/02/2023 20:00:00",,,,,,,,,31888.65,
"23/02/2023 20:30:00",,,,,,,,,31889.38,
"23/02/2023 21:00:00",16.96,20.83,23.31,14.25,237.30,237.87,235.19,1.59,31890.01,447985.31
"23/02/2023 21:30:00",23.95,19.79,27.07,16.98,237.50,237.67,235.56,1.89,31890.39,447986.56
"23/02/2023 22:00:00",,,,,,,,,31890.72,
"23/02/2023 22:30:00",,,,,,,,,31891.21,
"23/02/2023 23:00:00",,,,,,,,,31891.44,
"23/02/2023 23:30:00",,,,,,,,,31891.75,
"24/02/2023 00:00:00",7.56,12.25,16.90,8.54,239.17,239.86,237.74,0.63,31892.08,447990.91
"24/02/2023 00:30:00",8.04,11.75,12.98,7.42,238.80,239.25,236.63,0.54,31892.27,447991.41
"24/02/2023 01:00:00",24.63,13.98,14.93,9.92,239.53,240.18,237.75,0.73,31892.45,447992.19
"24/02/2023 01:30:00",6.65,14.56,12.62,7.02,241.12,241.81,239.42,0.52,31892.62,447992.78
"24/02/2023 02:00:00",6.98,9.22,14.46,7.07,240.31,241.17,239.10,0.46,31892.78,447993.19
"24/02/2023 02:30:00",18.76,7.95,8.99,5.54,240.20,240.66,238.35,0.36,31892.92,447993.63
"24/02/2023 03:00:00",7.33,8.25,16.60,7.34,238.55,239.19,236.83,0.47,31893.07,447994.03
"24/02/2023 03:30:00",19.61,10.35,9.10,6.28,239.40,240.17,238.06,0.41,31893.22,447994.38
"24/02/2023 04:00:00",,,,,,,,,31893.31,
"24/02/2023 04:30:00",,,,,,,,,31893.42,
"24/02/2023 05:00:00",7.81,8.68,9.63,8.48,237.58,238.26,236.73,0.55,31893.54,447995.50
"24/02/2023 05:30:00",8.77,10.57,10.33,6.69,236.04,236.76,235.43,0.43,31893.68,447995.91
"24/02/2023 06:00:00",8.73,21.72,10.50,9.96,236.46,237.02,235.27,0.73,31893.89,447996.69
"24/02/2023 06:30:00",,,,,,,,,31894.05,
"24/02/2023 07:00:00",,,,,,,,,31894.30,
"24/02/2023 07:30:00",,,,,,,,,31894.66,
"24/02/2023 08:00:00",8.44,11.07,14.32,7.69,236.00,236.89,235.71,0.86,31895.00,448001.09
"24/02/2023 08:30:00",,,,,,,,,31895.21,
"24/02/2023 09:00:00",24.07,11.90,37.54,18.36,232.67,234.10,232.32,2.05,31895.62,448003.28
"24/02/2023 09:30:00",18.49,12.36,33.36,14.88,234.90,235.76,234.34,1.92,31896.28,448006.16
"24/02/2023 10:00:00",,,,,,,,,31897.07,
"24/02/2023 10:30:00",,,,,,,,,31897.85,
"24/02/2023 11:00:00",28.01,22.99,48.08,23.01,234.01,235.84,234.13,2.97,31898.71,448016.03
"24/02/2023 11:30:00",,,,,,,,,31899.57,
"24/02/2023 12:00:00",,,,,,,,,31900.11,
"24/02/2023 12:30:00",29.86,16.76,16.99,14.29,236.68,238.43,237.62,1.59,31900.70,448020.75
"24/02/2023 13:00:00",27.17,14.79,16.28,13.55,237.82,238.77,237.72,1.51,31901.03,448021.81
"24/02/2023 13:30:00",20.08,14.50,21.60,13.18,237.02,238.65,236.99,1.47,31901.31,448022.63
"24/02/2023 14:00:00",,,,,,,,,31901.63,
"24/02/2023 14:30:00",,,,,,,,,31902.23,
"24/02/2023 15:00:00",32.41,25.89,17.77,17.89,236.26,237.29,236.25,1.99,31902.72,448025.75
"24/02/2023 15:30:00",27.16,32.05,13.29,18.67,236.66,237.15,236.20,2.08,31903.15,448027.00
"24/02/2023 16:00:00",,,,,,,,,31903.67,
"24/02/2023 16:30:00",,,,,,,,,31904.11,
"24/02/2023 17:00:00",28.16,16.45,25.50,16.60,239.41,240.31,238.65,1.85,31904.40,448031.91
"24/02/2023 17:30:00",18.21,15.40,19.68,12.53,238.34,238.86,236.82,1.40,31904.73,448033.34
"24/02/2023 18:00:00",14.13,13.38,11.66,9.09,237.00,237.62,235.27,1.01,31905.10,448034.63
"24/02/2023 18:30:00",22.98,15.34,12.92,9.34,237.79,238.29,236.49,1.21,31905.41,448035.88
"24/02/2023 19:00:00",21.09,14.13,19.21,12.66,236.75,237.40,234.83,1.64,31905.65,448036.69
"24/02/2023 19:30:00",,,,,,,,,31905.98,
"24/02/2023 20:00:00",15.61,17.14,12.90,10.76,236.77,237.38,235.60,1.39,31906.38,448040.34
"24/02/2023 20:30:00",16.89,13.89,13.18,10.71,239.14,240.01,237.83,1.38,31906.65,448041.22
"24/02/2023 21:00:00",14.79,12.35,12.20,9.16,237.09,237.74,235.67,1.02,31907.05,448042.56
"24/02/2023 21:30:00",,,,,,,,,31907.24,
"24/02/2023 22:00:00",,,,,,,,,31907.55,
"24/02/2023 22:30:00",,,,,,,,,31907.78,
"24/02/2023 23:00:00",12.31,8.08,8.48,6.65,239.38,240.16,237.91,0.74,31907.91,448044.94
"24/02/2023 23:30:00",11.98,17.52,8.21,8.84,239.59,239.91,238.13,0.99,31908.19,448045.59
"25/02/2023 00:00:00",,,,,,,,,31908.36,
"25/02/2023 00:30:00",,,,,,,,,31908.45,
"25/02/2023 01:00:00",24.05,8.83,22.44,11.07,238.83,239.77,237.47,0.81,31908.60,448046.84
"25/02/2023 01:30:00",,,,,,,,,31908.75,
"25/02/2023 02:00:00",9.93,11.69,9.09,7.08,237.78,238.73,236.67,0.46,31908.83,448047.47
"25/02/2023 02:30:00",,,,,,,,,31908.93,
"25/02/2023 03:00:00",9.71,9.79,10.40,6.77,237.03,237.94,235.62,0.44,31909.04,448048.06
"25/02/2023 03:30:00",9.65,8.09,9.06,6.06,238.05,239.11,236.79,0.39,31909.17,448048.66
"25/02/2023 04:00:00",15.50,5.65,8.62,6.92,238.68,239.69,237.76,0.45,31909.32,448049.19
"25/02/2023 04:30:00",10.05,7.64,16.56,7.88,237.16,237.97,236.13,0.51,31909.45,448049.44
"25/02/2023 05:00:00",10.07,11.64,9.30,9.93,238.04,238.82,236.87,0.64,31909.64,448050.13
"25/02/2023 05:30:00",9.84,7.55,9.50,6.03,236.77,237.62,235.92,0.39,31909.79,448050.59
"25/02/2023 06:00:00",,,,,,,,,31909.95,
"25/02/2023 06:30:00",,,,,,,,,31910.11,
"25/02/2023 07:00:00",14.99,5.65,13.88,7.99,236.36,237.77,236.11,0.59,31910.30,448052.59
"25/02/2023 07:30:00",,,,,,,,,31910.44,
"25/02/2023 08:00:00",8.79,6.59,13.14,7.98,238.42,239.53,237.60,0.59,31910.59,448054.03
"25/02/2023 08:30:00",,,,,,,,,31910.74,
"25/02/2023 09:00:00",7.80,5.46,7.24,4.10,236.27,237.53,236.17,0.30,31910.85,448055.16
"25/02/2023 09:30:00",,,,,,,,,31910.95,
"25/02/2023 10:00:00",8.86,12.00,13.85,7.67,237.67,239.17,238.12,0.85,31911.13,448056.13
"25/02/2023 10:30:00",11.74,11.40,6.31,6.68,236.55,237.76,236.32,0.74,31911.29,448056.59
"25/02/2023 11:00:00",,,,,,,,,31911.46,
"25/02/2023 11:30:00",,,,,,,,,31911.60,
"25/02/2023 12:00:00",,,,,,,,,31911.76,
"25/02/2023 12:30:00",,,,,,,,,31911.92,
"25/02/2023 13:00:00",8.74,2.48,2.66,4.96,239.15,240.24,238.94,0.36,31912.04,448060.25
"25/02/2023 13:30:00",5.09,5.02,8.03,6.44,238.48,239.30,238.10,0.47,31912.13,448060.91
"25/02/2023 14:00:00",,,,,,,,,31912.23,
"25/02/2023 14:30:00",,,,,,,,,31912.33,
"25/02/2023 15:00:00",11.95,11.26,7.51,7.07,239.39,240.95,239.00,0.52,31912.45,448062.97
"25/02/2023 15:30:00",,,,,,,,,31912.54,
"25/02/2023 16:00:00",,,,,,,,,31912.63,
"25/02/2023 16:30:00",9.16,9.77,7.09,6.56,237.38,238.36,236.41,0.48,31912.79,448063.88
"25/02/2023 17:00:00",9.76,8.45,8.13,5.87,238.30,239.80,237.30,0.43,31912.94,448064.34
"25/02/2023 17:30:00",21.14,14.97,9.44,7.79,237.40,238.15,236.01,0.57,31913.05,448064.78
"25/02/2023 18:00:00",,,,,,,,,31913.21,
"25/02/2023 18:30:00",10.12,10.30,7.41,6.33,240.94,241.41,239.34,0.71,31913.38,448066.00
"25/02/2023 19:00:00",,,,,,,,,31913.57,
"25/02/2023 19:30:00",10.01,13.20,9.13,6.95,240.73,240.55,238.45,0.77,31913.75,448067.13
"25/02/2023 20:00:00",,,,,,,,,31913.93,
"25/02/2023 20:30:00",10.20,8.06,9.01,6.29,240.15,240.14,238.07,0.70,31914.16,448068.78
"25/02/2023 21:00:00",9.70,10.14,8.68,6.55,239.89,240.05,237.75,0.73,31914.39,448070.03
"25/02/2023 21:30:00",10.13,10.62,9.09,6.17,236.98,237.37,234.71,0.69,31914.59,448070.78
"25/02/2023 22:00:00",,,,,,,,,31914.78,
"25/02/2023 22:30:00",,,,,,,,,31914.89,
"25/02/2023 23:00:00",,,,,,,,,31915.01,
"25/02/2023 23:30:00",,,,,,,,,31915.13,
"26/02/2023 00:00:00",10.13,10.87,11.29,6.97,238.24,239.21,237.20,0.51,31915.28,448073.22
"26/02/2023 00:30:00",10.12,10.43,16.51,8.70,236.95,237.58,234.96,0.64,31915.45,448073.81
"26/02/2023 01:00:00",,,,,,,,,31915.60,
"26/02/2023 01:30:00",9.82,13.66,8.79,7.56,238.28,238.84,236.69,0.55,31915.77,448075.03
"26/02/2023 02:00:00",,,,,,,,,31915.96,
"26/02/2023 02:30:00",,,,,,,,,31916.10,
"26/02/2023 03:00:00",,,,,,,,,31916.22,
"26/02/2023 03:30:00",,,,,,,,,31916.36,
"26/02/2023 04:00:00",,,,,,,,,31916.50,
"26/02/2023 04:30:00",18.74,8.60,15.86,9.90,236.59,237.45,234.99,0.64,31916.67,448079.03
"26/02/2023 05:00:00",9.70,11.38,9.60,7.03,237.08,237.92,235.35,0.45,31916.80,448079.72
"26/02/2023 05:30:00",,,,,,,,,31916.97,
"26/02/2023 06:00:00",6.13,12.22,9.51,6.41,237.00,237.60,235.44,0.47,31917.13,448081.16
"26/02/2023 06:30:00",16.22,7.14,10.78,8.91,236.49,237.42,234.67,0.65,31917.29,448082.00
"26/02/2023 07:00:00",,,,,,,,,31917.46,
"26/02/2023 07:30:00",6.22,13.93,7.84,6.32,237.85,238.64,236.09,0.46,31917.63,448083.38
"26/02/2023 08:00:00",8.16,13.81,6.63,6.54,235.30,236.37,233.90,0.48,31917.79,448084.03
"26/02/2023 08:30:00",,,,,,,,,31917.92,
"26/02/2023 09:00:00",,,,,,,,,31918.05,
"26/02/2023 09:30:00",3.79,5.24,9.59,3.85,238.37,239.38,236.83,0.28,31918.15,448085.19
"26/02/2023 10:00:00",11.78,2.75,4.37,4.13,237.13,238.82,236.52,0.30,31918.28,448085.75
"26/02/2023 10:30:00",,,,,,,,,31918.39,
"26/02/2023 11:00:00",8.88,10.42,11.26,6.91,235.47,236.89,234.55,0.51,31918.50,448086.75
"26/02/2023 11:30:00",5.83,4.64,5.30,2.99,237.20,238.56,236.06,0.22,31918.62,448087.44
"26/02/2023 12:00:00",,,,,,,,,31918.73,
"26/02/2023 12:30:00",5.28,4.82,4.06,2.65,236.81,238.29,235.81,0.19,31918.80,448089.06
"26/02/2023 13:00:00",10.85,3.02,2.76,5.10,237.27,238.86,236.79,0.37,31918.87,448089.63
"26/02/2023 13:30:00",6.14,3.43,4.74,2.26,236.64,237.66,235.49,0.17,31918.96,448090.13
"26/02/2023 14:00:00",7.92,5.54,4.28,3.55,237.94,239.14,237.06,0.26,31919.08,448090.59
"26/02/2023 14:30:00",8.40,6.46,6.12,4.56,237.92,239.57,236.52,0.33,31919.20,448091.00
"26/02/2023 15:00:00",8.88,8.69,7.74,9.17,238.28,239.82,236.78,0.67,31919.37,448091.38
"26/02/2023 15:30:00",10.01,13.33,6.40,6.72,237.27,238.63,235.80,0.49,31919.49,448091.81
"26/02/2023 16:00:00",,,,,,,,,31919.64,
"26/02/2023 16:30:00",9.20,10.71,9.44,6.27,237.93,239.52,236.94,0.46,31919.78,448092.59
"26/02/2023 17:00:00",9.78,7.68,13.63,7.20,238.71,239.91,237.41,0.53,31919.92,448093.06
"26/02/2023 17:30:00",12.04,10.10,7.10,5.99,239.16,240.09,238.30,0.44,31920.04,448093.59
"26/02/2023 18:00:00",23.76,8.22,8.60,8.61,237.30,238.27,236.21,0.63,31920.18,448094.19
"26/02/2023 18:30:00",,,,,,,,,31920.32,
"26/02/2023 19:00:00",22.28,6.44,6.42,6.63,237.49,238.54,236.28,0.49,31920.45,448095.19
"26/02/2023 19:30:00",10.64,8.17,8.83,6.27,236.87,237.48,235.55,0.46,31920.61,448095.69
"26/02/2023 20:00:00",,,,,,,,,31920.72,
"26/02/2023 20:30:00",,,,,,,,,31920.82,
"26/02/2023 21:00:00",,,,,,,,,31920.95,
"26/02/2023 21:30:00",10.04,8.95,8.30,6.23,238.40,239.58,236.97,0.46,31921.05,448097.66
"26/02/2023 22:00:00",15.63,9.35,7.89,7.73,239.06,240.44,238.09,0.57,31921.17,448098.06
"26/02/2023 22:30:00",,,,,,,,,31921.35,
"26/02/2023 23:00:00",9.42,8.47,9.00,6.12,237.30,238.37,235.60,0.45,31921.50,448099.09
"26/02/2023 23:30:00",9.50,9.90,14.55,7.75,234.81,235.74,233.27,0.57,31921.61,448099.34
"27/02/2023 00:00:00",9.69,8.89,9.48,6.30,235.09,236.27,233.86,0.46,31921.78,448100.13
"27/02/2023 00:30:00",9.38,8.50,8.14,5.99,235.74,237.34,235.07,0.44,31921.96,448100.78
"27/02/2023 01:00:00",15.57,5.52,8.37,6.92,237.82,239.03,236.58,0.51,31922.10,448101.47
"27/02/2023 01:30:00",10.27,7.88,13.90,6.95,236.51,237.45,235.05,0.51,31922.29,448102.47
"27/02/2023 02:00:00",9.81,8.91,12.78,7.33,237.21,238.14,236.06,0.47,31922.47,448103.16
"27/02/2023 02:30:00",9.34,11.54,15.80,8.50,236.29,237.26,235.16,0.55,31922.65,448103.81
"27/02/2023 03:00:00",,,,,,,,,31922.82,
"27/02/2023 03:30:00",,,,,,,,,31922.94,
"27/02/2023 04:00:00",,,,,,,,,31923.04,
"27/02/2023 04:30:00",,,,,,,,,31923.20,
"27/02/2023 05:00:00",9.81,9.58,16.52,8.35,237.21,238.78,236.64,0.54,31923.33,448106.84
"27/02/2023 05:30:00",10.93,11.26,9.34,10.03,234.84,236.05,234.38,0.65,31923.51,448107.47
"27/02/2023 06:00:00",,,,,,,,,31923.71,
"27/02/2023 06:30:00",,,,,,,,,31923.91,
"27/02/2023 07:00:00",17.05,13.19,8.91,9.22,237.87,239.70,237.44,1.03,31924.15,448110.28
"27/02/2023 07:30:00",,,,,,,,,31924.53,
"27/02/2023 08:00:00",,,,,,,,,31924.80,
"27/02/2023 08:30:00",11.21,12.14,16.97,9.31,236.10,237.28,235.43,1.04,31925.04,448114.53
"27/02/2023 09:00:00",26.08,40.63,22.45,20.79,233.90,234.89,232.86,2.32,31925.67,448116.91
"27/02/2023 09:30:00",,,,,,,,,31926.43,
"27/02/2023 10:00:00",,,,,,,,,31927.14,
"27/02/2023 10:30:00",43.10,54.65,27.83,29.56,237.22,237.68,236.65,3.82,31927.72,448124.75
"27/02/2023 11:00:00",,,,,,,,,31928.95,
"27/02/2023 11:30:00",38.91,41.19,47.03,29.48,235.98,236.96,235.32,3.81,31930.11,448131.78
"27/02/2023 12:00:00",40.56,36.18,48.18,28.29,235.93,237.30,234.96,3.15,31930.91,448134.16
"27/02/2023 12:30:00",,,,,,,,,31931.93,
"27/02/2023 13:00:00",,,,,,,,,31932.60,
"27/02/2023 13:30:00",,,,,,,,,31933.19,
"27/02/2023 14:00:00",,,,,,,,,31933.83,
"27/02/2023 14:30:00",,,,,,,,,31934.52,
"27/02/2023 15:00:00",,,,,,,,,31935.25,
"27/02/2023 15:30:00",37.54,23.89,45.83,28.50,237.44,238.55,236.45,3.18,31936.00,448149.28
"27/02/2023 16:00:00",36.51,38.35,35.67,25.70,240.57,241.12,239.03,2.87,31936.76,448150.97
"27/02/2023 16:30:00",,,,,,,,,31937.56,
"27/02/2023 17:00:00",,,,,,,,,31938.43,
"27/02/2023 17:30:00",24.33,28.46,24.57,17.63,236.73,237.67,235.79,1.97,31939.11,448158.88
"27/02/2023 18:00:00",,,,,,,,,31939.55,
"27/02/2023 18:30:00",,,,,,,,,31939.95,
"27/02/2023 19:00:00",34.39,18.16,21.95,13.46,234.69,235.03,233.20,1.74,31940.34,448163.91
"27/02/2023 19:30:00",,,,,,,,,31940.81,
"27/02/2023 20:00:00",,,,,,,,,31941.22,
"27/02/2023 20:30:00",,,,,,,,,31941.75,
"27/02/2023 21:00:00",16.56,20.14,16.60,12.68,239.86,240.81,239.04,1.41,31942.28,448170.06
"27/02/2023 21:30:00",11.37,12.39,12.83,8.49,237.62,238.26,236.83,0.95,31942.60,448171.41
"27/02/2023 22:00:00",17.17,15.41,12.78,10.73,239.98,241.03,239.39,1.20,31942.84,448172.66
"27/02/2023 22:30:00",11.57,24.28,20.49,12.50,235.20,236.34,234.22,1.39,31943.15,448173.31
"27/02/2023 23:00:00",,,,,,,,,31943.50,
"27/02/2023 23:30:00",11.26,22.90,17.96,12.30,235.61,236.47,234.29,1.37,31943.72,448175.16
"28/02/2023 00:00:00",,,,,,,,,31943.96,
"28/02/2023 00:30:00",,,,,,,,,31944.08,
